attempt_id,ts_utc,claim_id,method,result,failure_mode,next_action,artifact_ref
1,2026-05-22T08:49:51Z,OC-THEORY-DEF-001,Source audit plus control split,Program 024 created; internal OC theory route separated from external OC14 frontier route; primitive package seeded as DRAFT.,No terminal proof yet; definitions still provisional.,"Stabilize primitive definitions and test central principle routes CP-A theorem, CP-B axiom, CP-C repaired narrower principle.",OC_THEORY_CORE_NOTEBOOK_024.md
2,2026-05-22T08:50:28Z,OC-THEORY-CP-001,"Manual central-principle route triage: CP-A theorem route, CP-B axiom route, CP-C repaired narrower route.",Current broad sentence is not terminal as theorem. Strongest route is axiomatic/repaired classification rule unless stricter primitives yield a non-circular theorem.,CP-A risks circularity if contradiction/dimension-birth/collapse are defined to force the result. CP-B/CP-C still require nontrivial theorem chain.,"Close OC-THEORY-DEF-001 typed primitive package, then test CP-A against it. If CP-A is only definitional, choose CP-B/CP-C and prove first consequence theorem.",OC_THEORY_CORE_NOTEBOOK_024.md#central-principle-route-triage---draft-0
3,2026-05-22T08:53:14Z,OC-THEORY-DEF-001,Manual primitive package closure,Primitive vocabulary accepted as AXIOM_ACCEPTED_WITH_BOUNDARY with anti-circularity and falsifier checks.,Not a theorem; definitions cannot be marketed as proof of central principle.,Run OC-THEORY-CP-001 theorem/axiom/refutation decision against the accepted primitive package.,OC_THEORY_CORE_NOTEBOOK_024.md#primitive-definition-package---terminal-decision-024-d001
4,2026-05-22T08:54:43Z,OC-THEORY-CP-001,Manual theorem-vs-axiom decision against accepted primitive package,"Central principle accepted as AXIOM_ACCEPTED_WITH_BOUNDARY, not as proved universal theorem.",The theorem route risks circularity unless the dichotomy is made exhaustive by definition.,Prove first nontrivial consequence theorem and then continue operator catalog.,OC_THEORY_CORE_NOTEBOOK_024.md#central-principle-terminal-decision-024-cp001
5,2026-05-22T08:54:43Z,OC-THEORY-THM-001,Manual derivation from primitive package plus central axiom schema,PROVED_THEOREM: OC Claim Admissibility Theorem closed.,The result is methodological/internal; it does not validate domain projections or prove empirical universality.,Continue with OC-THEORY-OP-001 operator catalog recovery and type signatures.,OC_THEORY_CORE_NOTEBOOK_024.md#theorem-024-t001---oc-claim-admissibility
6,2026-05-22T08:55:33Z,OC-THEORY-OP-001,Source graph recovery and type-role assignment,Operator catalog closed as AXIOM_ACCEPTED_WITH_BOUNDARY; minimality and composition laws remain open.,Source-bound catalog is not proof of independence or completeness.,"Continue with OC-THEORY-OP-003 typed closure/composition laws, then OC-THEORY-OP-002 independence/minimality models.",OC_THEORY_CORE_NOTEBOOK_024.md#operator-catalog-decision-024-op001
7,2026-05-22T08:56:11Z,OC-THEORY-OP-003,Typed partial-map proof from primitive operator definition,PROVED_THEOREM: local operator composition/well-formedness rule closed.,Does not prove minimality or completeness.,"Build independence models for OC-THEORY-OP-002, one operator at a time.",OC_THEORY_CORE_NOTEBOOK_024.md#theorem-024-op003---typed-operator-composition
8,2026-05-22T08:56:56Z,OC-THEORY-OP-002,"Effect-invariant witness models, one per operator",PROVED_THEOREM: local operator independence/minimality closed for selected typed-effect formalism.,Does not prove global uniqueness of operator basis.,Continue with OC-THEORY-K-001 K0-K12 hierarchy definition package and invariants.,OC_THEORY_CORE_NOTEBOOK_024.md#theorem-024-op002---local-operator-independence
9,2026-05-22T08:57:35Z,OC-THEORY-K-001,Source graph recovery of K0-K12 labels,K-level definition package closed as AXIOM_ACCEPTED_WITH_BOUNDARY; distinctness and count/partition remain open.,Source-bound hierarchy is not proof of uniqueness or non-collapse.,Continue with OC-THEORY-K-002: build adjacent-level invariant candidates and demote levels without proof.,OC_THEORY_CORE_NOTEBOOK_024.md#k-level-definition-package-024-k001
10,2026-05-22T08:58:04Z,OC-THEORY-K-002,Manual adjacent-level invariant candidate pass,K0-K4 candidate invariants recorded; K9-K12 flagged as high demotion risk; no terminal distinctness theorem yet.,Prose label difference is not proof-grade distinctness.,Prove K0 -> K1 non-recovery by constructing a K0 fragment with distinguishability only and a K1 fragment requiring extra continuity/adjacency relation.,OC_THEORY_CORE_NOTEBOOK_024.md#k-level-distinctness-attempt-024-k002-a
11,2026-05-22T09:16:25Z,OC-THEORY-K-002,Typed reduct/expansion witness proof,PROVED_THEOREM: adjacent K-level non-recovery under typed-extension invariants.,Does not prove unique/exhaustive K hierarchy.,Decide K0-K12 count/partition theorem.,OC_THEORY_CORE_NOTEBOOK_024.md#theorem-024-k002---adjacent-k-level-non-recovery
12,2026-05-22T09:16:25Z,OC-THEORY-K-003,Strong partition audit,REFUTED_AND_REPAIRED: unique/exhaustive K0-K12 theorem not proved; repaired to source-bound ladder plus non-recovery.,No proof of uniqueness/minimal complete partition.,Classify law-like statements.,OC_THEORY_CORE_NOTEBOOK_024.md#countpartition-decision-024-k003
13,2026-05-22T09:16:25Z,OC-THEORY-LAW-001,Law-like statement classification,"AXIOM_ACCEPTED_WITH_BOUNDARY: law candidates must be theorem, axiom schema, empirical conjecture, or excluded metaphor.","Classification is a boundary rule, not a new empirical law.",Exclude unsupported crown-stone claims.,OC_THEORY_CORE_NOTEBOOK_024.md#law-candidate-classification-024-law001
14,2026-05-22T09:16:25Z,OC-THEORY-CROWN-001,Crown dependency audit,EXCLUDED_FROM_CORE_AS_CONJECTURE: crown stones are not theorem-bound core results.,No individual crown proof chain closed in 024.,Exclude unsupported domain projections.,OC_THEORY_CORE_NOTEBOOK_024.md#crown-stone-boundary-024-crown001
15,2026-05-22T09:16:25Z,OC-THEORY-DOMAIN-001,Domain projection admissibility audit,EXCLUDED_FROM_CORE_AS_CONJECTURE: domain projections require local evidence/falsifier packages.,Domain examples are not global validation.,Close article gate.,OC_THEORY_CORE_NOTEBOOK_024.md#domain-projection-boundary-024-domain001
16,2026-05-22T09:16:25Z,OC-THEORY-ARTICLE-001,Article dependency and boundary check,PROVED_THEOREM: bounded article eligibility gate closed for closed 024 core only.,Article cannot claim universal law or unique hierarchy.,Run final integrity checks.,OC_THEORY_CORE_NOTEBOOK_024.md#article-gate-024-article001
