claim_id,ordinal,subject,exact_statement,proposition,falsifier,dependencies_json,source_refs_json,current_state,is_terminal,next_action
OC25-LOCAL-ARCHIVE-001,1,Local archive binary classification theorem,A whole-document public/private binary filing system cannot classify a mixed document that must release one part and withhold another; a richer label space can.,"For parts p,q with obligations release(p)=true and release(q)=false, no constant whole-document binary release function satisfies both; a part-level function does.",A binary whole-document label whose semantics releases p and withholds q.,[],"[""logion/k7/release_missions/oc_core_current/packages/oc_core_1_4/022/public_payload/chapter_sources/master_monograph/chapter_Candidate_Laws_and_Scope_Conditions.md""]",TERMINAL,1,Use theorem as first local OC proof surface.
OC25-CP-UNIVERSAL-001,2,Overbroad central-principle universal reading,"Every contradiction, merely by being a contradiction, necessarily produces a new dimension or collapse.",There exists a conflict resolved by already available descriptive structure; therefore no event-level new axis and no collapse are necessary.,Show that the existing-redaction archive still creates a new axis or collapses despite the already adequate operator.,[],"[""logion/k7/release_missions/oc_core_current/packages/oc_core_1_4/022/public_payload/chapter_sources/master_monograph/chapter_Candidate_Laws_and_Scope_Conditions.md"", ""logion/k7/release_missions/oc_core_current/packages/oc_core_1_4/022/public_payload/chapter_sources/master_monograph/chapter_Why_OC_Appears_at_This_Point_in_the_Lineage.md""]",TERMINAL,1,Keep counterproof as boundary against universal-law wording.
OC25-CP-SCHEMA-001,3,Bounded central schema,"When a description encounters an incompatibility it cannot represent within its present continuum, the next viable outcome is often either enrichment or collapse.","Under explicit trigger assumptions, prove/refute that no same-description repair implies either conservative extension suffices or organization predicate fails.",A case satisfying trigger assumptions where neither extension nor organization failure occurs.,"[""OC25-LOCAL-ARCHIVE-001"", ""OC25-CP-UNIVERSAL-001""]","[""logion/k7/release_missions/oc_core_current/packages/oc_core_1_4/022/public_payload/chapter_sources/master_monograph/chapter_Candidate_Laws_and_Scope_Conditions.md"", ""logion/k7/release_missions/oc_core_current/packages/oc_core_1_4/022/public_payload/chapter_sources/master_monograph/chapter_Why_OC_Appears_at_This_Point_in_the_Lineage.md"", ""logion/k7/release_missions/oc_core_current/packages/oc_core_1_4/024/theory_conversion/OC_THEORY_CORE_NOTEBOOK_024.md""]",TERMINAL,1,Use only as bounded formal schema; continue primitive non-circularity audit.
OC25-PRIMITIVES-001,4,Primitive package adequacy,"OC primitives include description, system, state, axis, continuum, boundary, operator, constraint, contradiction, resolution, collapse, and dimension birth.",Prove/refute that the primitive package is non-circular and sufficient to state central-schema claims.,"A primitive used in CP whose meaning depends on CP outcome, or a CP proof requiring an undefined primitive.","[""OC25-CP-SCHEMA-001""]","[""logion/k7/release_missions/oc_core_current/packages/oc_core_1_4/022/public_payload/chapter_sources/master_monograph/chapter_Why_OC_Appears_at_This_Point_in_the_Lineage.md"", ""logion/k7/release_missions/oc_core_current/packages/oc_core_1_4/024/theory_conversion/OC_THEORY_CORE_NOTEBOOK_024.md""]",TERMINAL,1,Use only for bounded schema; domain adequacy still requires local evidence.
OC25-OPERATORS-001,5,Operator catalogue and minimality,"The six OC operators Birth, Differentiate, Stabilize, Project, Kill, Repair form a sufficient/minimal source catalogue.","Prove local independence/sufficiency under typed effects, or refute stronger minimality/uniqueness.","One operator definable from others under same effect signature, or a required transition not covered by catalogue.","[""OC25-PRIMITIVES-001""]","[""logion/k7/release_missions/oc_core_current/packages/oc_core_1_4/024/theory_conversion/OC_THEORY_CORE_NOTEBOOK_024.md""]",TERMINAL,1,Strong global minimality is refuted; six names remain optional semantic vocabulary.
OC25-KLEVEL-001,6,K-level distinctness and count,K0-K12 are the OC hierarchy levels and may be presented as distinct/count-complete.,"Prove adjacent distinctness and count/exhaustiveness, or refute uniqueness/exhaustiveness.","Alternative partition with same admissible work, or lack of invariant for an adjacent level.","[""OC25-PRIMITIVES-001""]","[""logion/k7/release_missions/oc_core_current/packages/oc_core_1_4/024/theory_conversion/OC_THEORY_CORE_NOTEBOOK_024.md""]",TERMINAL,1,Strong unique/exhaustive K-level count is refuted; adjacent invariant distinctness remains a separate bounded theorem family.
OC25-LAWS-001,7,Law-like OC statements,"OC law-like statements can be promoted only when theorem, bounded schema, or empirically evidenced.","For each recovered law-like sentence, prove theorem status or refute promoted law wording.","A promoted law statement without proof, source model, or falsifier.","[""OC25-CP-SCHEMA-001""]","[""logion/k7/release_missions/oc_core_current/packages/oc_core_1_4/022/public_payload/chapter_sources/master_monograph/chapter_Candidate_Laws_and_Scope_Conditions.md"", ""logion/k7/release_missions/oc_core_current/packages/oc_core_1_4/024/theory_conversion/OC_THEORY_CORE_NOTEBOOK_024.md""]",TERMINAL,1,Unconditional law-promotion wording is refuted; only bounded theorem/schema wording survives.
OC25-CROWN-001,8,Crown-stone consequences,Crown-stone claims are established consequences of OC.,"Prove theorem-chain consequence for each crown-stone, or refute established-consequence wording.",A crown-stone not derivable from closed theorem chain.,"[""OC25-CP-SCHEMA-001"", ""OC25-OPERATORS-001"", ""OC25-KLEVEL-001""]","[""logion/k7/release_missions/oc_core_current/packages/oc_core_1_4/024/theory_conversion/OC_THEORY_CORE_NOTEBOOK_024.md""]",TERMINAL,1,Established-consequence wording is refuted by failed strong dependencies.
OC25-DOMAIN-001,9,Domain projection validation,OC projections across domains are validated by the core theory.,"Prove local projection with variables/falsifier/evidence, or refute validation wording as overclaim.","A domain projection lacking local observables, operators, or falsifier.","[""OC25-CP-SCHEMA-001"", ""OC25-LAWS-001""]","[""logion/k7/release_missions/oc_core_current/packages/oc_core_1_4/022/public_payload/chapter_sources/master_monograph/chapter_Candidate_Laws_and_Scope_Conditions.md"", ""logion/k7/release_missions/oc_core_current/packages/oc_core_1_4/022/public_payload/chapter_sources/master_monograph/chapter_Why_OC_Appears_at_This_Point_in_the_Lineage.md"", ""logion/k7/release_missions/oc_core_current/packages/oc_core_1_4/024/theory_conversion/OC_THEORY_CORE_NOTEBOOK_024.md""]",TERMINAL,1,Core-only domain validation wording is refuted; local evidence remains required.
