artifact_id,path,artifact_kind,size_bytes,sha256
f753c88fbfedfb7552f45009b30b7a6255f5b780fd9b0fa5469179affc86bd2e,logion/k0/governance/status/<SOURCE_BOUNDARY_STATUS_SURFACE><PUBLIC_BOUNDARY_REDACTED_FILENAME>,md,58408,26fffc7f9e3848fa88d99c635ad20915ef09d2172333efe41ca0490ecf6df946
7df44e77cddf12de44aa7ecec3635e1b692d107e2c8e3c7e572fd9d214313545,logion/k7/release_missions/oc_core_current/packages/oc_core_1_4/024/theory_conversion/OC_THEORY_ARTICLE_BOUNDARY_024.md,md,4603,147468c564159a11126fafe1857dd980994c3f1029fb18c30638df3f626ff6cd
a5f4d494c05f20141f6f8d8b7ec7a3d31c2b04e2f8361757338deefc528948d3,logion/k7/release_missions/oc_core_current/packages/oc_core_1_4/024/theory_conversion/oc_theory_conversion_024.sqlite,sqlite,122880,70baf53b160396c76fd82d6b1bdcf55aca3e81dcf93a377e67b42db5f45fca87
f1587b39e1d151d0fb868d540a495ef5ff7321aa60fb818d0867952a3e2b6a7c,logion/k7/release_missions/oc_core_current/packages/oc_core_1_4/024/theory_conversion/OC_THEORY_CONVERSION_ORDER_024.md,md,4177,5d371e097c26efa7cbd877497f68494e137478be19927c8fe033f6cf8abd84da
1bf1849168a31c9ceb8949cecf1440260462e729772a3280aa547a20a3193bb9,logion/k7/release_missions/oc_core_current/packages/oc_core_1_4/024/theory_conversion/OC_THEORY_CORE_NOTEBOOK_024.md,md,30441,4b57b7aabad1c27b13a47c7d93fc58c9506bb9431032e080c6c884e682a041c0
273ce84530dca0d8a483d12f97510b42c84fa7c5c446c093c2869964127c1739,logion/k7/release_missions/oc_core_current/packages/oc_core_1_4/025/real_theory_science/OC_REAL_THEORY_LAB_NOTEBOOK_025.md,md,18257,e59b02f1b1e2c79e8aea1de7731b097a4761b0f6b2ba48d266f0a91972955a91
918c7612bcb6b0d9cb34cb2252f21b90c22718e741948770ebdcfb26260028ad,logion/k7/release_missions/oc_core_current/packages/oc_core_1_4/025/real_theory_science/oc_real_theory_science_025.sqlite,sqlite,69632,5ed31be144e10f464977f52033b2141ab8d713c252aa6fc2b15e286173479920
46c602a9745630e043520b6ede45b8f5a8ec853c1de51c5cb4770ad252843d47,logion/k7/release_missions/oc_core_current/packages/oc_core_1_4/025/real_theory_science/OC_REAL_THEORY_SCIENCE_ORDER_025.md,md,2449,b089c5ed622296d4d1d4f592adf389fd1756816a3cf7f3b59654af8db0925e2d
4e972c8c6e12508c7b92aaf6bf2472b3e5a24cbfde718d4275589fb013b7e309,logion/k7/release_missions/oc_core_current/packages/oc_core_1_4/025/real_theory_science/formal/archive_binary_axis_model.py,py,3574,065acc5cf04db14878440b8e088dfe98394a4ca8e1c04da10b3f379b79387587
126f6143df4f3f4a0946a7af454d0a7408ccc69c9bde5e49958b75b2a7fa3e7b,logion/k7/release_missions/oc_core_current/packages/oc_core_1_4/025/real_theory_science/formal/bounded_central_schema_model.py,py,4072,a2819443e2957de20795cb338cab3775a8d1b7154cee779c1a531141d00c00bc
709c15f6a7af25fe3897d84fb8d560a7863b805ec59b2b5d4b71adadbbe74e99,logion/k7/release_missions/oc_core_current/packages/oc_core_1_4/025/real_theory_science/formal/crown_dependency_counterproof.py,py,1104,10b3cfe99ee27ba3ee70ed63ebdef52e151966382a11dda9e27b7d8027b46c1f
903067fe304e67f1508c1e572479e0486bba455e498256cef93b431ff2f72c98,logion/k7/release_missions/oc_core_current/packages/oc_core_1_4/025/real_theory_science/formal/domain_projection_countermodel.py,py,2125,550a51dfbd8a801fba25d3b71470a4ce442d4f55aa432b471f8a40435b6a62d2
9ed85bebae35fa635c4d3d1009d1c6228b94cd652a9644e01699fa0a2874c73b,logion/k7/release_missions/oc_core_current/packages/oc_core_1_4/025/real_theory_science/formal/k_level_count_countermodel.py,py,2062,bc39d293a8ef078a7039e252b2994675a73ae5f06858670bcd420d71160feb38
9ab1338709cf879d8fe33aaa41568ca7a4c0131c85c4bd81c8cbbf33978fe4a0,logion/k7/release_missions/oc_core_current/packages/oc_core_1_4/025/real_theory_science/formal/law_promotion_countermodel.py,py,1588,e45fc4bf507e440e155170a9aa8384f63ae1826de1eaed183f2450291a817f77
a75d81a7c97fdb87937c0b25d07a06310f333f00be148dcd73325f575b09bc69,logion/k7/release_missions/oc_core_current/packages/oc_core_1_4/025/real_theory_science/formal/operator_minimality_countermodel.py,py,2559,f2b5e026fa0bacabebd21884a96935cdfa62f2603b4818ca29c16e88b2f79b8e
f5304e6f2c83119fce422b40f121c2bd335edb1938f2b60b17b983645e2c822d,logion/k7/release_missions/oc_core_current/packages/oc_core_1_4/025/real_theory_science/formal/primitive_dependency_audit.py,py,2750,a7b9f525e0f4ce0669bf55f372b9f439eb54e837c4236c9ae434f7088fb751f1
2fa519a331dfe67fe6952a3298b478f96a8005029109464ea7464d1fb3281fb7,logion/k7/release_missions/oc_core_current/packages/oc_core_1_4/026/oc_repair_proof_upgrade/OC_REPAIR_ARTICLE_BOUNDARY_026.md,md,1257,b9c4885901a37e53634f100ce0c5ec162cb9f5ce9419a15ae8d4b6c605521cd0
62996fca5141fe901e6657555e22b9c60046701b85a66d55322a767969181c01,logion/k7/release_missions/oc_core_current/packages/oc_core_1_4/026/oc_repair_proof_upgrade/OC_REPAIR_PROOF_NOTEBOOK_026.md,md,4545,330532a3a76bebe71b2908aa9855582224a8378b4a89ccbe307ef633e122906f
b6e6201478b200895f405b44a7dd2102f2a68f4bf1f780962109d7c7b5774ec2,logion/k7/release_missions/oc_core_current/packages/oc_core_1_4/026/oc_repair_proof_upgrade/oc_repair_proof_upgrade_026.sqlite,sqlite,40960,cba7d3e66e77c0344971add64451882647af463c20612de14125f2d28b365749
a231336c17b8224228240eec338ce33f416f60c9c7eb9323d799668318749332,logion/k7/release_missions/oc_core_current/packages/oc_core_1_4/026/oc_repair_proof_upgrade/OC_REPAIR_PROOF_UPGRADE_ORDER_026.md,md,1835,9658797a60ca3147b75ab1864cc0da5c4e6f3ae94dc4ac079a5e7d1c5b36abe6
a32202b0f5eaae2a1ae1f9197135f8080814147f4dbeabfe72be0ed078ffdfea,logion/k7/release_missions/oc_core_current/packages/oc_core_1_4/026/oc_repair_proof_upgrade/formal/crown_core_rejection.py,py,1104,1e084dcf76f590692710683cbfbb51ea2bc7804a6be1cef5602c4e77dd8252ff
edc85fe80f56f12c7c96caa253d779a14a9ffb8135ac1331613331c94d76cb62,logion/k7/release_missions/oc_core_current/packages/oc_core_1_4/026/oc_repair_proof_upgrade/formal/domain_projection_validation_protocol.py,py,1232,77bbec57ebd68e35d7c5dbe6cef7b0d66bbbd55a88b26748aaa535f632a0206e
1e5826d02672e59e6fc5346f8ef3ca8cc2be307c3d6f77502c768abd22c6851d,logion/k7/release_missions/oc_core_current/packages/oc_core_1_4/026/oc_repair_proof_upgrade/formal/k_ladder_reference_theorem.py,py,3175,cc9fd76adc9883dc7df77399a48a47b51632154c8583ba2d667b1dcb63e62d99
8bb14bee0fbd81b0e6c1d1cb37bd8be0f6b789553b7ddc6ec04c26a341fc8b5e,logion/k7/release_missions/oc_core_current/packages/oc_core_1_4/026/oc_repair_proof_upgrade/formal/law_scope_admissibility_theorem.py,py,1192,37c74549793507dfc99b112103f6168410888db4266a4c301e500605f4265db0
fe9ecea3de0c2ec5095eacdab31d20644d51871e7a486a103d4382303570d930,logion/k7/release_missions/oc_core_current/packages/oc_core_1_4/026/oc_repair_proof_upgrade/formal/repaired_central_schema.py,py,2519,881d2722c7b50f79761e0fab6b372bae601c484eb90f11984f1decf85b1383df
b26ecd7180de8e6ae67860c36f537e4f09764e220ff8ff081e923f8cec14d7f6,logion/k7/release_missions/oc_core_current/packages/oc_core_1_4/026/oc_repair_proof_upgrade/formal/role_preserving_operator_independence.py,py,1161,70bb934fa91b6fbe5f8f1c871f6f810ef1a4261e9802c336085abb218229909a
3672c046e30104f4e75569f1aa0b10023e52725d1eda2e72c141f0e351480d7d,logion/k7/release_missions/oc_core_current/packages/oc_core_1_4/027/oc_universal_metamodel_repair/oc_universal_metamodel_027.sqlite,sqlite,40960,7c6b5c08aa5aacf751aae0f9005e9faca518cbe1fd99655f9ccbc1da52a5911e
d9092dcf8ba2fd26ec0a74ce4f79af1af2fbc66a91ee5dac6c4162b043320f5a,logion/k7/release_missions/oc_core_current/packages/oc_core_1_4/027/oc_universal_metamodel_repair/OC_UNIVERSAL_METAMODEL_ARTICLE_BOUNDARY_027.md,md,1133,90ce49b4020649c2448c5a01ec3ab0f227bc4332b81d23ceef8e101af25139c8
ba9ba937d836dc271f1b35dc41868f2c033afa4335cf60d7ff07cb95c31c72e3,logion/k7/release_missions/oc_core_current/packages/oc_core_1_4/027/oc_universal_metamodel_repair/OC_UNIVERSAL_METAMODEL_NOTEBOOK_027.md,md,2857,4f919a989949b876ec8b17fb141dab381d2694d2bc10f4191d565e7ebcf010b5
2ea3287b2ad00c0036fc2532b67f11302e5a848bf890a4f637a6ca3ab6496071,logion/k7/release_missions/oc_core_current/packages/oc_core_1_4/027/oc_universal_metamodel_repair/OC_UNIVERSAL_METAMODEL_REPAIR_ORDER_027.md,md,1565,70c5e3436ef78e62a30c8a59acc03d5980ef4a756545fca2338d91bd83fc9bf8
0c32f44dbd53c6afc538098bf3430677b904d4739d26fe9f564f0e388f775d12,logion/k7/release_missions/oc_core_current/packages/oc_core_1_4/027/oc_universal_metamodel_repair/OC_UNIVERSAL_METAMODEL_ROOT_CAUSE_AUDIT_027.md,md,2012,4d9ce4418ecf72163ec5e50d8b6427d1f47dcf407cec82a5dfe37fbed84ea4ce
461a2a5b535e885a735c5591e230844458445eb45445c2c5ed13084becee45dd,logion/k7/release_missions/oc_core_current/packages/oc_core_1_4/027/oc_universal_metamodel_repair/formal/lake-manifest.json,json,128,cc425650747b0249f7f1ef0370fb5b73a644163c89058d567d5bec4f5690f6bd
f1a3da2a3b2cd01a62498e330254f125cf160ae5ed9466b5a78017a031ec666a,logion/k7/release_missions/oc_core_current/packages/oc_core_1_4/027/oc_universal_metamodel_repair/formal/lakefile.lean,lean,144,6ed8a2aacd44be74e848a2732406a9c5fc5aa2c703a61d5e462f9d8a564f6fc6
ee110686fecc28c25bbafe55632f4f5a31dad9779f775eed98e693baea59f578,logion/k7/release_missions/oc_core_current/packages/oc_core_1_4/027/oc_universal_metamodel_repair/formal/OCUniversal.lean,lean,26,a34682b52b9be2dea292c519af495667aa9cdb300af3955c3dea3307ddddf276
3ef9e7d3a5c3757b11e19c49511434508efb3bd4c8a80dd7b95104081aa01c74,logion/k7/release_missions/oc_core_current/packages/oc_core_1_4/027/oc_universal_metamodel_repair/formal/ocu_python_witnesses.py,py,2861,4451f20ab27082ed51d0887182c367adb3cab1c6c6bf2cb18ebdce9d0219f1ae
c1a2fb83124f104ff8d6d0c1e29df8319ff2ba76e18f62338501a7379354a6f7,logion/k7/release_missions/oc_core_current/packages/oc_core_1_4/027/oc_universal_metamodel_repair/formal/OCUniversal/Basic.lean,lean,3724,eeef9bfc2ff41161cf8fdbaf72db293ae6af9c866e088aadcd7266a9566c92b5
bbac29bf291a1fb2546b4b055c4b2d20e992b442d5cfb4738386d6883a6ef8dd,logion/k7/release_missions/oc_core_current/packages/oc_core_1_4/028/continuous_universal_metamodel_completion/OC_ARTICLE_INTEGRATION_LEDGER_028.md,md,3496,38cb46981b4af4de27fa38da31c38d76ea85e6670158ed6752a827d49d1cdd0a
c10fa8c69c9b7c049d017986417ff33f9e25c25203fbc2c1cee00cb94f01d3dc,logion/k7/release_missions/oc_core_current/packages/oc_core_1_4/028/continuous_universal_metamodel_completion/oc_continuous_completion_028.sqlite,sqlite,57344,94478f2ecb2e8973e6f5500ae1eb484dfa6110df5caf16b4d87aaa369bda9454
997649145a6a6aafe69dbdb7f34e2282c9ac07803f06c1b31142a31319e101bc,logion/k7/release_missions/oc_core_current/packages/oc_core_1_4/028/continuous_universal_metamodel_completion/OC_CONTINUOUS_COMPLETION_NOTEBOOK_028.md,md,5388,5573ee2f7640717621a22d2caa40468add81368aa9ee45579939ffa8894f3776
d0d60b88f2dd454b943776ab9efdf26410f2d7de80e8af10da851d574f257c79,logion/k7/release_missions/oc_core_current/packages/oc_core_1_4/028/continuous_universal_metamodel_completion/OC_CONTINUOUS_COMPLETION_ORDER_028.md,md,3367,6f8170832e8d5d8e3a07bb6cf6b685420aa407a5bf68da9214f50591ee9c0612
74a6a7759fea37f9331f1c00f9ad8e1f2c33c25fc58324430f2fe53d2bea77fc,logion/k7/release_missions/oc_core_current/packages/oc_core_1_4/028/continuous_universal_metamodel_completion/formal/continuous_completion_validator.py,py,4008,987c0e8c43cdb953e10138312b85d1701e123898bb08c75768fb6beadf66b516
ceb514c1593cdf3c1e185fe64fc566cc7caa17e72369fbc3141399565a441446,logion/k7/release_missions/oc_core_current/packages/oc_core_1_4/029/minimal_universal_metaontology/oc_minimal_metaontology_029.sqlite,sqlite,49152,dad10bba79645fe9d2f777e84adba2c4d0873aab993cc57c39ddb3b4b8d63ed8
e081b6073fb74bca27845dede4fd5e5631ba7cbea588906f393d02c16d2d6531,logion/k7/release_missions/oc_core_current/packages/oc_core_1_4/029/minimal_universal_metaontology/OC_MINIMAL_METAONTOLOGY_ARTICLE_BOUNDARY_029.md,md,2107,816f962e7d3990b04e31ec1e48d7df3aac631e6c73904ca1c4bd963e8b3e892e
c885c8942f8c9d7a2cae0a7ebe3d7b60148518a323cdedf86fee1a0b0bf4a406,logion/k7/release_missions/oc_core_current/packages/oc_core_1_4/029/minimal_universal_metaontology/OC_MINIMAL_METAONTOLOGY_NOTEBOOK_029.md,md,4587,2656470f23bec483afd03e4c109541a35982fa056b5fa70725d58b6bbd1f60e3
d62f2e324223451b2d8ae7d3f4114e3d541dd0f2b4638d16f550f1d74e1574d3,logion/k7/release_missions/oc_core_current/packages/oc_core_1_4/029/minimal_universal_metaontology/OC_MINIMAL_METAONTOLOGY_ORDER_029.md,md,3076,0b320c39c1895a69a7cfd78cc529a258f28a78395372e1f9354ce17e82f1aac1
9afb531e23d1aa828994177304ea8a6ae7605e84baa3fb91d4844d033dee1343,logion/k7/release_missions/oc_core_current/packages/oc_core_1_4/029/minimal_universal_metaontology/formal/lake-manifest.json,json,129,352a536e9ff6b426ff76a0963c26379501f0129ee8e67161565b0e99e0988d10
5a7db2d92a16c93ba822b86605b92dc6a183e34f5d147895fd872202fee83006,logion/k7/release_missions/oc_core_current/packages/oc_core_1_4/029/minimal_universal_metaontology/formal/lakefile.lean,lean,141,b43204f36de5bc716fa163cd5cfff57c8b2191b75582fb76c3a8ba7aee01a473
22db12461cb0da63959ffacea8eb3ac2ea813aaabe19fbc15e33fae4abdb8384,logion/k7/release_missions/oc_core_current/packages/oc_core_1_4/029/minimal_universal_metaontology/formal/OCMinimal.lean,lean,24,8977041a8392a3081dcde6623348b95b146f94d94165735d4f5833e3fc63735a
a5807aff032f4e9ed23c8948d8c6b711e12e393a61062e980108e6d7b9b93676,logion/k7/release_missions/oc_core_current/packages/oc_core_1_4/029/minimal_universal_metaontology/formal/OCMinimal/Basic.lean,lean,6079,14e2548f31b834e7c89ebc730565dd74fbb6f790d047e7c03c27fc127d91e6c6
d846ccd56d00f853490354ff3aaaaa5cf5ded99f73ead105887ea00f2e0dd3d6,logion/k7/release_missions/oc_core_current/packages/oc_core_1_4/029/minimal_universal_metaontology/formal/python/minimality_witnesses.py,py,2558,12e466d3f94907843e2d3ed63d8c7573b12b5386dfdaebeeb7e5262394b2101b
56eae1ec127e3c58ba0cd9c2581fb7700569720eeb52ae94b01ff08bfbb8f568,logion/k7/release_missions/oc_core_current/packages/oc_core_1_4/029/minimal_universal_metaontology/formal/python/validate_029.py,py,3387,3dfe8d2d18ae3f6109c8819955f8600ca18950be93836f71d711de4bcb8961a0
e01b5298b4b586df7f9e1d97e45d45ca61b976ab4713fbb3aada45ae128ac88b,logion/k7/release_missions/oc_core_current/packages/oc_core_1_4/030/concentric_formalization/OC_CONCENTRIC_ARTICLE_BOUNDARY_030.md,md,1234,8abab6ca709289487ed8a3c313a0f6a302cb8bba7f39ab5a4db3e9d97558fe9c
129d172008b594d71a2588596be568f1f70ec73da562613ff7838c7c1a178e49,logion/k7/release_missions/oc_core_current/packages/oc_core_1_4/030/concentric_formalization/oc_concentric_formalization_030.sqlite,sqlite,49152,b5f12b014c3995d557ba35681b7b4226617fe32c3013430928c13614e14b0f00
b2931fd5a4a8fc1658bc1c35aa0ee3c6635a7a5035ee900d2cce2d091c11740b,logion/k7/release_missions/oc_core_current/packages/oc_core_1_4/030/concentric_formalization/OC_CONCENTRIC_FORMALIZATION_NOTEBOOK_030.md,md,2750,fbca1c6668ebf087996a9c0cccaf56861b3ced921a1d20f3c430f751b9dd4f50
d76bbd75e3ab9ddf2585ce39de767cc87425f0685daf99b6aa0f91d18b2555d9,logion/k7/release_missions/oc_core_current/packages/oc_core_1_4/030/concentric_formalization/OC_CONCENTRIC_FORMALIZATION_ORDER_030.md,md,1695,bb183f1cb472a258dbd10149a3ee4ccb004c80b40dfe04e72221937c1b8d7278
e18a17baf34e9b9a1a79452b8f251ff1531a320a846a21c5efb22fc9202907b4,logion/k7/release_missions/oc_core_current/packages/oc_core_1_4/030/concentric_formalization/formal/lake-manifest.json,json,133,9c8e4a56f92b78682da20e477ff2e32037f6506f88fa6e5450b88d23c81dd6f3
56ec4838db178ec8be5a9df0b23d33a167d42745d24a6e6928013f16b862ba6d,logion/k7/release_missions/oc_core_current/packages/oc_core_1_4/030/concentric_formalization/formal/lakefile.lean,lean,151,bb60e653bf9c4f67bc8ad6cc94a6c94758f80d2e6df355b4a26cfdfd082f0509
9b7e6df8da3205e6f1b0b515806ca2137cec22d70258df76ec3423cd8b210091,logion/k7/release_missions/oc_core_current/packages/oc_core_1_4/030/concentric_formalization/formal/OCConcentric.lean,lean,27,9b1c682d30bf80eed58b205c112e014c816bb4a00c2fb4c5d1367f002bf27f6b
f208b4f679d9963ac50f94d95556f009daebbf9bd0e4edae86bbbbbc57a6d677,logion/k7/release_missions/oc_core_current/packages/oc_core_1_4/030/concentric_formalization/formal/OCConcentric/Basic.lean,lean,5928,53429d87514bd1c0dabed7f2fe15671d8513f606f3baf78dd2172fc0d942f7fc
b13399cbc695f402c910fa9b06e0cfcf4dca1e98e8dab68b8571e1c49419e99d,logion/k7/release_missions/oc_core_current/packages/oc_core_1_4/030/concentric_formalization/formal/python/concentric_witnesses.py,py,3468,fca7f8fc964e77619bff3e35eafa412d31ffbfc7237dfcb55e8e4704d1d51116
503300f9a8e95d36fd09be027e7ce9e3a9001e4c121eeb03ba9116794cd9ce8a,logion/k7/release_missions/oc_core_current/packages/oc_core_1_4/030/concentric_formalization/formal/python/validate_030.py,py,4541,be1eae91a23e57df97c8826d6f88fffb767f32a8fea6d4989de15de95b4574a3
621a6620f8608f4d4467473535944abeed64ffeaaadca3871417146c79512313,logion/k7/release_missions/oc_core_current/packages/oc_core_1_4/031/evidence_operationalization/OC_EVIDENCE_ARTICLE_BOUNDARY_031.md,md,1115,deb27e80726567df5cc3d0825f4b4c981e609adbe4e5a36ac63b95ceb3765f57
927dbeed5561c0fada200ab05ecedb3df58d1f226d1b3edf8ac9717f36a46a64,logion/k7/release_missions/oc_core_current/packages/oc_core_1_4/031/evidence_operationalization/oc_evidence_operationalization_031.sqlite,sqlite,57344,8d8409423b3c79c23b89a33b91428910522954b8d2e66911e0b0c57eec38443c
bdf23eb43e32a04a3bff1a50bd58f0735ff54f4d5dd1ef1edc201a3d07f5fa40,logion/k7/release_missions/oc_core_current/packages/oc_core_1_4/031/evidence_operationalization/OC_EVIDENCE_OPERATIONALIZATION_NOTEBOOK_031.md,md,1429,52c2cf3aae1b7459ea9337a4214bed42db66d6d0fa7cd6f57287d3896271cdce
00b202c7741eff839a31cd7684a31c7f6fcc1762b88ac4239067b03456af0498,logion/k7/release_missions/oc_core_current/packages/oc_core_1_4/031/evidence_operationalization/OC_EVIDENCE_OPERATIONALIZATION_ORDER_031.md,md,1880,511c6e06002d895958fcf5b8fa56dfb9bad718780082605b8a6d4fe685485459
e6287fc06a9be5d3d7da49c8d488811bed18e8088e534cca0c840665ec762749,logion/k7/release_missions/oc_core_current/packages/oc_core_1_4/031/evidence_operationalization/formal/lake-manifest.json,json,136,552f481b7d35f483106ae0fd9c8673fc5bc01723bd55f1cf3eec8ece012015f0
abb58a094d6104729e885031d704511ba948352dcd73bb2370b8261a16799fc2,logion/k7/release_missions/oc_core_current/packages/oc_core_1_4/031/evidence_operationalization/formal/lakefile.lean,lean,156,56c7fba0bc9c23a3a3eab8df4ed305931a8cf931b182f3d94dee3a5aa24b03a1
3b116767b97ff010fa8b6acef148ab4633f42cf267c3907e8a0a54c6e805b8b8,logion/k7/release_missions/oc_core_current/packages/oc_core_1_4/031/evidence_operationalization/formal/OCOperational.lean,lean,28,1c9239bc078fd449effa48420cf17b3842046e0b882d652534fc623569ccf67f
4b105844edb020468436cb7e374826b8af3ea6bd6a2ddfc4b64a40dc8b155b5d,logion/k7/release_missions/oc_core_current/packages/oc_core_1_4/031/evidence_operationalization/formal/OCOperational/Basic.lean,lean,2562,faf8b9352eedc8ed3a10d0e699366adaab14d6b0df98513a9b7bcfe7f390df23
a4bdd7a770046d3ddb4135576986abfc706070bc85e76db739e062205a647cb2,logion/k7/release_missions/oc_core_current/packages/oc_core_1_4/031/evidence_operationalization/formal/python/build_evidence_db_031.py,py,12946,80113dae5fc6d1b81f6769041ad11bbbe7317218a5e4905239e0854c8d0cf202
ce3c46a317e7075ad378f812b44d9da9a604b66f909ba0e727536956e59339f1,logion/k7/release_missions/oc_core_current/packages/oc_core_1_4/031/evidence_operationalization/formal/python/validate_031.py,py,5086,a1617a7f8621a7f7a35b5449a998cc86ebd88d8791142761294d37bf3240891e
5588867ce0585617658840283f5cb19ab82f577f3b4fe13280c1fb1224850134,logion/k7/release_missions/oc_core_current/packages/oc_core_1_4/032/empirical_crown_domain_closure/OC_EMPIRICAL_CROWN_DOMAIN_ARTICLE_BOUNDARY_032.md,md,1429,aadcccd692b10e97e5c4daee7b2b4f8e150bc0b8137a92b22620ca7be1d81f55
ae6b00fa828c6221f9c5f5f41383574a51aa348c078c421fec8d5e404932c50b,logion/k7/release_missions/oc_core_current/packages/oc_core_1_4/032/empirical_crown_domain_closure/oc_empirical_crown_domain_closure_032.sqlite,sqlite,73728,abf9a68a69d6b2801588fca2821b733e8bb285a8a7c2c8d6beb54c2e68f2a4f6
958eb902c54ff5318daf75cb72e21943ae6fbcb1efd29b1c05e98637d6ae3045,logion/k7/release_missions/oc_core_current/packages/oc_core_1_4/032/empirical_crown_domain_closure/OC_EMPIRICAL_CROWN_DOMAIN_CLOSURE_ORDER_032.md,md,1966,4947d1f2570025d97ccaa0455eb283b7820fd434b91585bbe4437bf6617cb0d2
a15b8528d8aeb328f8a214489ff1dd4c96ff5cc6afefb4bbfa72681a8b835e51,logion/k7/release_missions/oc_core_current/packages/oc_core_1_4/032/empirical_crown_domain_closure/OC_EMPIRICAL_CROWN_DOMAIN_NOTEBOOK_032.md,md,1613,37d742735964fa3c2c69743f168e4b631202759fc8c0eae5dde7989c9a8820b6
11f91a8953493a732b03ad8e6c4806352deb30080b155b04d3bc8b6f74c2af14,logion/k7/release_missions/oc_core_current/packages/oc_core_1_4/032/empirical_crown_domain_closure/formal/lake-manifest.json,json,139,fe5b9912edaf381842627197f3792b09462c8b7355d553f83fd6c92969457404
9d5bcad8be9db75514cddf4f8fa14a1bfd49f6a47e8e647f3a9904448b7a3614,logion/k7/release_missions/oc_core_current/packages/oc_core_1_4/032/empirical_crown_domain_closure/formal/lakefile.lean,lean,155,83c3eb36eecf7a67d70cc6ab11e70240e5d2593b6e9f27ba40ec69f51f0de65a
171f3805159bb3ae71a16a60191067bb768cfeb791c8bf6c02298b2cf2228cfb,logion/k7/release_missions/oc_core_current/packages/oc_core_1_4/032/empirical_crown_domain_closure/formal/OCEmpirical.lean,lean,26,fdb9fdecbad30500b26625eec5e73907fecfda7150382de9848b64c85591f29b
90034428fa4e6d29e6820c182e2794ea5d937524554efd1cec4978e0b87c75b8,logion/k7/release_missions/oc_core_current/packages/oc_core_1_4/032/empirical_crown_domain_closure/formal/OCEmpirical/Basic.lean,lean,2701,4dfb9c45ade46238cc03a60edbf437ca5bdcea519529f523dd5c0c5cc89e966b
e1a93dcd804295c1226ae0c4c7f8509c6f929343d5547afb9e3a63603d0ad331,logion/k7/release_missions/oc_core_current/packages/oc_core_1_4/032/empirical_crown_domain_closure/formal/python/build_empirical_db_032.py,py,15656,f5b8ed54b0279b6ac354c62867015f3a2838b29b278a466a971cf640ae5f9d35
40527d58a157c823be5d8eb9bdff42b0783841eb24f85023657f30613310d83f,logion/k7/release_missions/oc_core_current/packages/oc_core_1_4/032/empirical_crown_domain_closure/formal/python/empirical_witnesses_032.py,py,2827,213ea4de91b6b079508a9d7ddc760516a9752e13b5c7366960de8b45c3585ea4
fe232f49cffbf6d3455321eb474275f0cdae47fd5832cc467e36ad4d33852d5e,logion/k7/release_missions/oc_core_current/packages/oc_core_1_4/032/empirical_crown_domain_closure/formal/python/validate_032.py,py,8262,5b2ca026532d5864b0ed1e300610f091f4fea4ed2ae43c0e9ea1409bb854f3c2
e2ac34d4c7eef6751cb89d806a65e779006d2795326205345ecdb29ece0d9ee1,logion/k7/release_missions/oc_core_current/packages/oc_core_1_4/033/full_empirical_theory_expansion/OC_FULL_EMPIRICAL_THEORY_ARTICLE_BOUNDARY_033.md,md,1392,4bbe03085ffb1cbf4f1b09f551d6b5ea80afb2a290527dc0d80b497184b1e3ad
3a145d5b8f1fa1f6a59bf792dbfc868fad6a3d5ae3e8d43e96fdc544d8326568,logion/k7/release_missions/oc_core_current/packages/oc_core_1_4/033/full_empirical_theory_expansion/oc_full_empirical_theory_expansion_033.sqlite,sqlite,118784,a0462b1958e5a92820502b983bb4b43db820a1b29d57809fc4a96700ca81be48
09a05bb7c537aacd5ede8f4f3ed0bab95bf4ab4bb3b35a1d705bb227e469d3eb,logion/k7/release_missions/oc_core_current/packages/oc_core_1_4/033/full_empirical_theory_expansion/OC_FULL_EMPIRICAL_THEORY_EXPANSION_NOTEBOOK_033.md,md,1208,afae933c3c763cbc4725adcf8e9cd9f88f775ffb7d371c28f36c85efc99a01e3
31112a4083f4de690b32ea404bcb50ca00aa2056b7572c9c48290a486093e456,logion/k7/release_missions/oc_core_current/packages/oc_core_1_4/033/full_empirical_theory_expansion/OC_FULL_EMPIRICAL_THEORY_EXPANSION_ORDER_033.md,md,1781,54ae8cb89dfa04f81da1dbccc8301273a36ee29d3437f7c1027c8614f4a74749
13efd7fde1d52ea67b5308d48d904c30067b5e3e6faeb6cf80f6c3f1ca9bbe14,logion/k7/release_missions/oc_core_current/packages/oc_core_1_4/033/full_empirical_theory_expansion/formal/lake-manifest.json,json,140,a1cef400de061dac719f9a369ae274b09b20c7de83cfe52c784369051bcd4a70
3e4af62ae4821df4e03afebcac18b06e2db917b439bbe32b3de8ec715fc9be76,logion/k7/release_missions/oc_core_current/packages/oc_core_1_4/033/full_empirical_theory_expansion/formal/lakefile.lean,lean,164,32ffcd04626e7a06e630f26e6475c4e85994b9ea0b39c0aff6a490e28862972c
c49b03b9226dc7c949a92cd9f286079a99c0dc5510a94b2495c31ca6ca714948,logion/k7/release_missions/oc_core_current/packages/oc_core_1_4/033/full_empirical_theory_expansion/formal/OCFullEmpirical.lean,lean,30,8dc391546f0e5b965a0bb8b979fb1180ec3144acd908e8003cd96730d4f83ee6
d8a6d9a953af980b06caf1cebf40f1794bfbca1b3259ff06388dce712e31024f,logion/k7/release_missions/oc_core_current/packages/oc_core_1_4/033/full_empirical_theory_expansion/formal/OCFullEmpirical/Basic.lean,lean,2372,065fb94d0b6d2d569d7f3d715b3d3bde9d849fcb1e6ddf2ac5676efd7e4dc1e0
4ef806c3ef6798c0459e0b33545db8f68dd20a61f04eadef8659dbe26113a65f,logion/k7/release_missions/oc_core_current/packages/oc_core_1_4/033/full_empirical_theory_expansion/formal/python/build_full_empirical_db_033.py,py,22116,c463db4686dda163141da5abc6f124ea839212def3f837f4754053ef73fa2ad4
757b621fdfcd7368cdffa7c8a0b5ba575d1fe2cfd95d13881d8d79191e1583fe,logion/k7/release_missions/oc_core_current/packages/oc_core_1_4/033/full_empirical_theory_expansion/formal/python/full_empirical_witnesses_033.py,py,2383,ae39254bd85d2a830aab0bfb5027b5253b44afde65a162b1ed1909ae8d82fc5a
bc121aaa7236aed1b57a1e80d140c600a4e6c085397fa707fe301f83644025b3,logion/k7/release_missions/oc_core_current/packages/oc_core_1_4/033/full_empirical_theory_expansion/formal/python/validate_033.py,py,8231,776de07ac0de84be1657a7750d736ae6a0284f97bc9673b60ac8f6b141826845
947886cea6a8a4710152288041de34afbd32996731a4e275d71eb2b850399861,logion/k7/release_missions/oc_core_current/packages/oc_core_1_4/034/sequential_evidence_packet_closure/OC_SEQUENTIAL_EVIDENCE_PACKET_ARTICLE_BOUNDARY_034.md,md,1036,b9c83d248b449c9b86fecd11a52444362691746abfae155643bfbfaa3faeb50e
44e8d0111650af36edd0c3674c7ecb5bdd1b0b03b502128f5852ddc1a4abe03b,logion/k7/release_missions/oc_core_current/packages/oc_core_1_4/034/sequential_evidence_packet_closure/oc_sequential_evidence_packet_closure_034.sqlite,sqlite,40960,c1acb7a97bd75f46dccee071db52162e52dbf56c9c6014d1ae847714779eb1e6
3c5bd6a8dbc0102bdea2e04ee944579c39b9a1e273b9a5e78eb757a74cd33add,logion/k7/release_missions/oc_core_current/packages/oc_core_1_4/034/sequential_evidence_packet_closure/OC_SEQUENTIAL_EVIDENCE_PACKET_CLOSURE_ORDER_034.md,md,1298,be6e9ca176315227e419aa09c346e84e4e7927c775a273e53bfefafba35bb183
bf82aa8cfec6c3d54c71cb697342258c88e3f44a009a3b17c9c5301715d05b5b,logion/k7/release_missions/oc_core_current/packages/oc_core_1_4/034/sequential_evidence_packet_closure/OC_SEQUENTIAL_EVIDENCE_PACKET_NOTEBOOK_034.md,md,1202,7ffb7681265f77a5ee3f4d1a679cbe5e23eb299eb98497787f8929acc060ae23
fd673d2d12e42592d603cba4294b69324cc8edc538f6a2ed5c50d157dace1219,logion/k7/release_missions/oc_core_current/packages/oc_core_1_4/034/sequential_evidence_packet_closure/formal/lake-manifest.json,json,143,eafa103814537da2e221fad3de38056351b4d233ed6a21e0099fb933eacdab3f
d56d3fd7279e17268c687de703498a2835af4caa20263eff49627215ad7337dc,logion/k7/release_missions/oc_core_current/packages/oc_core_1_4/034/sequential_evidence_packet_closure/formal/lakefile.lean,lean,161,fba4b0963ebf7b8f4e1634f7bcbaa2423afa776334600b5eb569d84499dc305e
4d0219be3a541e44e65938035009c7c0b66d4b5c7a668c64b9398ebce104a5f0,logion/k7/release_missions/oc_core_current/packages/oc_core_1_4/034/sequential_evidence_packet_closure/formal/OCSequential.lean,lean,27,9c3ab2549e558206442bcda3a288627522cf3139354104aa9e9b909e7171dc80
1b708dbf21e0a3af92291e3c5e6ea3b32d35c6896247189b1b9122d2f63f5d5b,logion/k7/release_missions/oc_core_current/packages/oc_core_1_4/034/sequential_evidence_packet_closure/formal/OCSequential/Basic.lean,lean,2034,d63a10c5832242f62006a1f248e5b3d500a9bb1c681df62bf23d7dbe25b22578
c19ded7e12ceab9edcad7d546e40631ec31cbd6498162646327bf00b0c6d52ea,logion/k7/release_missions/oc_core_current/packages/oc_core_1_4/034/sequential_evidence_packet_closure/formal/python/build_packet_db_034.py,py,10005,895c01c5614273e68905ae8170e80720cb373674398ff5f4731692c44fb9e83e
44b28136ba3aa84a88e34b333aa12244ec2956022911f9f19bb62bb5efb3e52e,logion/k7/release_missions/oc_core_current/packages/oc_core_1_4/034/sequential_evidence_packet_closure/formal/python/packet_witnesses_034.py,py,1333,f4a041a894307dca073f6179b26f635cd1e061ce00e2cc27d61bcbfdbbcb679d
9dc084ae16770d414de4b617af65251eb425d76d461a057478e7a437d143bc7f,logion/k7/release_missions/oc_core_current/packages/oc_core_1_4/034/sequential_evidence_packet_closure/formal/python/validate_034.py,py,6056,5a6d23f26874d1b46ba77a644535abe4b10e0eb53664e71b07f1982ae2f6eb75
95bcccea2734982898ef172c5732fc9de637c1f3e6a378926cefc21c70ddf5cc,logion/k7/release_missions/oc_core_current/packages/oc_core_1_4/035/continuous_evidence_packet_execution/OC_CONTINUOUS_EVIDENCE_PACKET_ARTICLE_BOUNDARY_035.md,md,1240,3408c267e42033ee4b2ded5ef698f5796dcdaa446f2721e91cd166a274ce46c0
ddca5278a3979b940af3846d5b6bd032e20c8b3f83ab70e85fa3b170ce4beebf,logion/k7/release_missions/oc_core_current/packages/oc_core_1_4/035/continuous_evidence_packet_execution/oc_continuous_evidence_packet_execution_035.sqlite,sqlite,221184,f8422e125e37e30305be2ccb0697142fa1ecbf14b396a5332edbfd42471cb33f
d7db3c5dff1cc9ff834ca7980f12bccd2f253f755180b68714657672cde184f3,logion/k7/release_missions/oc_core_current/packages/oc_core_1_4/035/continuous_evidence_packet_execution/OC_CONTINUOUS_EVIDENCE_PACKET_EXECUTION_ORDER_035.md,md,1546,a4ab926543cbfdd0765e088d05680e7afd7cf7427a1c880272a3c6fa3c72fa21
e225ee1672069baf237d0e7f8c969065b0b557f2a0dea266f8d5d37b4051487c,logion/k7/release_missions/oc_core_current/packages/oc_core_1_4/035/continuous_evidence_packet_execution/OC_CONTINUOUS_EVIDENCE_PACKET_NOTEBOOK_035.md,md,1345,ff218e897ea758358072ab24dc81377c776005a6a11825057f091f582c6f1704
e4e3e6acb6ee82ede81c56cb2132e8dbeda4403005c554a182c1fbb73591b76e,logion/k7/release_missions/oc_core_current/packages/oc_core_1_4/035/continuous_evidence_packet_execution/formal/lake-manifest.json,json,145,e9ed91fa3d3430b49a4bb91b43cbd813e578faaae35af942cfe65a2e7cbb5d92
a242b57dc25c10d1fed7cd53f4116df08814e4edb5328725f6d21c8096d72af5,logion/k7/release_missions/oc_core_current/packages/oc_core_1_4/035/continuous_evidence_packet_execution/formal/lakefile.lean,lean,163,fc832fb62b91c88d81fb58ca5958cf346eb7ae03e761351e28739ce45e4592ff
da09dc99b938727590f964a78ab6e280396209649c5ecde1efe814f8c1f4500d,logion/k7/release_missions/oc_core_current/packages/oc_core_1_4/035/continuous_evidence_packet_execution/formal/OCContinuous.lean,lean,27,6dd03e66d5c66acfaffa9c905b689946a71062375039f8a7d1fa892006b638a0
aff09ce5e464849a05a4d65b86fdb8026b51838a65a02ab23a1843b9c632d0e1,logion/k7/release_missions/oc_core_current/packages/oc_core_1_4/035/continuous_evidence_packet_execution/formal/OCContinuous/Basic.lean,lean,2350,a7510ecfe1e8625357de9591344ccd6be08528d8ed3f26314e5fb5b3ff94d451
dbe61fa5b8d9723a53a2e0ef2b7035e23b936b3ac23d74d7bdc7ca2eadd5b183,logion/k7/release_missions/oc_core_current/packages/oc_core_1_4/035/continuous_evidence_packet_execution/formal/python/build_continuous_packet_db_035.py,py,43212,ac786392a5af9096f23dd1e4df2d604000f1eef589cd3d8e5c63605bfede63a4
ad23ea258c0895d554be843e9cf4645da31b553f7499f4a5c10fbcf1f6c84a29,logion/k7/release_missions/oc_core_current/packages/oc_core_1_4/035/continuous_evidence_packet_execution/formal/python/packet_witnesses_035.py,py,2454,eb1957d1b3f6693be81e7e1f829ed47f055a7c4eb329a4447c271538395bf8a9
d6d381d7acde969be877cccc14738fd42c7a46b3d47f05cd7be020ef6e9a5239,logion/k7/release_missions/oc_core_current/packages/oc_core_1_4/035/continuous_evidence_packet_execution/formal/python/validate_035.py,py,9080,1cccb2e56fffd7db9822f1ee5adc02c6b220a9751ff41021c641d5f378624c43
01d5a8266a19e523eb23aead12a476003d42d3b692faba57dc64325851535e9a,logion/k7/release_missions/oc_core_current/packages/oc_core_1_4/036/rolling_empirical_upgrade_execution/oc_rolling_empirical_upgrade_036.sqlite,sqlite,114688,9061515aa64257e2fc21807d3e39b62269df316a04c775ef74a3ed7c2183aafc
f0a4457b2b7e3e3fe36a8e2ca751cf31ae948923bde186cae6ba66ebdc86db50,logion/k7/release_missions/oc_core_current/packages/oc_core_1_4/036/rolling_empirical_upgrade_execution/OC_ROLLING_EMPIRICAL_UPGRADE_ARTICLE_BOUNDARY_036.md,md,945,faba2f5c56e76f44183fc734bf8cdcb5cd7786e1b8bef85c55a541f388f595a2
4954d80c425eaed18bfb2fad7b88d465add9914bb3a3efa6b951c6b028e239c9,logion/k7/release_missions/oc_core_current/packages/oc_core_1_4/036/rolling_empirical_upgrade_execution/OC_ROLLING_EMPIRICAL_UPGRADE_NOTEBOOK_036.md,md,865,eda0e6ac15a19e944a861eb91b6a5ed02ff96cf8971c1ca3acece37711564d70
732c52732f5f0c84a18f528764d11ae67baf86ab305128e4df94a41664b988e3,logion/k7/release_missions/oc_core_current/packages/oc_core_1_4/036/rolling_empirical_upgrade_execution/OC_ROLLING_EMPIRICAL_UPGRADE_ORDER_036.md,md,778,9a2d8d74533634eed0f830843c9d5c90b2c56d43fbb07201f8344a3daa21756e
af01229af1cef1c6693c0cc3589342567b56db134d537f4229b508fc9ba4215b,logion/k7/release_missions/oc_core_current/packages/oc_core_1_4/036/rolling_empirical_upgrade_execution/formal/lake-manifest.json,json,144,0aaadef4aeaf2c9b9dbe9de8e7ed2f852bb5aef790783d003e0b134da93f7e51
2e81cf435b26f1edf6db337ac66ed89da16ce116173b41c1c036ad9366d76695,logion/k7/release_missions/oc_core_current/packages/oc_core_1_4/036/rolling_empirical_upgrade_execution/formal/lakefile.lean,lean,156,757d003136ea43bfd523622c3091a09932f00a21270da2ba3580557431f7a1b4
e11afdcd50c47782fc0ee3897aa8a540cd0a557cf7187783a230e1b319890f03,logion/k7/release_missions/oc_core_current/packages/oc_core_1_4/036/rolling_empirical_upgrade_execution/formal/OCRolling.lean,lean,24,28188290a18ad8f26b1ac635a63f74375a2c9d5697d2db95aa20887764bf6d27
a10cad9a717ec23da4fea6d646b29a884d89fea2df39b88f6b2cd5ce5bb17826,logion/k7/release_missions/oc_core_current/packages/oc_core_1_4/036/rolling_empirical_upgrade_execution/formal/OCRolling/Basic.lean,lean,1438,ecc162cfff1eea7b1a16a82975804cafd7b994adc93628cdd21a70662c69926a
1416131ae04848a1b3823a6a03cf3e5d6f46c896f64f85416eccb1e61c85e051,logion/k7/release_missions/oc_core_current/packages/oc_core_1_4/036/rolling_empirical_upgrade_execution/formal/python/build_upgrade_db_036.py,py,17150,626a48bde66322a7dee4548f59c98cb0b0b0b1bd4ad73a1e5742abb76b975bec
17753447d72550451bdaf7ec053918d26ba1ad9e4d88c87024bb184a80b9f2af,logion/k7/release_missions/oc_core_current/packages/oc_core_1_4/036/rolling_empirical_upgrade_execution/formal/python/upgrade_witnesses_036.py,py,1774,462389a6d59d3385237a634422703c86e5defd02acd7a917d204d684baaf039b
f3f7dcd767c404db86c2fe49b172350b5c7acecfa816ee5251053e9bdc16bf51,logion/k7/release_missions/oc_core_current/packages/oc_core_1_4/036/rolling_empirical_upgrade_execution/formal/python/validate_036.py,py,6716,5801e699b4cfad6938b1618229c3713d4552c84623b9f1de75140b99df62e833
9a50c585252879f69d394dfc2699c4177bb55038c803fd8a39fa24a1a827d42e,logion/k7/release_missions/oc_core_current/packages/oc_core_1_4/037/k2_biology_empirical_upgrade/oc_k2_biology_empirical_upgrade_037.sqlite,sqlite,122880,ef9b9170d6ce1ac5573dc0379d83f0f753994855b2019bbce9c292cde5dc8a32
73b903bdcf094597db35fcd5da4b7c7589e58aefab41b6a7312f45d4e4235003,logion/k7/release_missions/oc_core_current/packages/oc_core_1_4/037/k2_biology_empirical_upgrade/OC_K2_BIOLOGY_EMPIRICAL_UPGRADE_ARTICLE_BOUNDARY_037.md,md,1155,aaf10bcbe0092365d2b815429f0e40dbc822cb64bd5504a51f477c720062afc7
fd425fed113cff087ef550ec194812aabefb07c011fe1f5bbd16ab31c363a1b6,logion/k7/release_missions/oc_core_current/packages/oc_core_1_4/037/k2_biology_empirical_upgrade/OC_K2_BIOLOGY_EMPIRICAL_UPGRADE_NOTEBOOK_037.md,md,2042,469d490e62ae562c6ee484967e921cb00a5a1b690f289b2bdbc8d065ba9db809
e9e2e6e0fb4b3c59982eb2a852700deb4030e247d141782a1dcc1b0741225031,logion/k7/release_missions/oc_core_current/packages/oc_core_1_4/037/k2_biology_empirical_upgrade/OC_K2_BIOLOGY_EMPIRICAL_UPGRADE_ORDER_037.md,md,949,27e5466675d336be986be39e2af0fe4c24e19ebfcda2c26a65aec4c8863181b4
7a3e01afefc585ddd717231c0f5daf84ef04a77d7c9264dae291ca9998e5a8fc,logion/k7/release_missions/oc_core_current/packages/oc_core_1_4/037/k2_biology_empirical_upgrade/formal/lake-manifest.json,json,138,eaecd4862bc4e7df55111386122929ef5e183812a425958f485c1096d75d928a
3abe6f87059dd88742ad44fd1aac72e0aec396dd22cfb95309d5527a0c27cd53,logion/k7/release_missions/oc_core_current/packages/oc_core_1_4/037/k2_biology_empirical_upgrade/formal/lakefile.lean,lean,149,abe298ff783e2ecb2cc79bd97c582fd411523c2066012a14a18e75366c19e35d
526910bbb27a578623a15c2b0ff8367586161e6ba3530c6538f366b33984c8ab,logion/k7/release_missions/oc_core_current/packages/oc_core_1_4/037/k2_biology_empirical_upgrade/formal/OCBiology.lean,lean,24,e5f68f4539ef9a2a84e2ff467aabd6e6be490b8b93b7c1ff79b94dfcb38fd168
9609764fbbfe624ce15af34b9446bf1921c0e4e3cadfff3319ca9a3743475dfb,logion/k7/release_missions/oc_core_current/packages/oc_core_1_4/037/k2_biology_empirical_upgrade/formal/OCBiology/Basic.lean,lean,1512,1c5c3c986e8ee37753d9a728ba75a1e187ff03e566d590d5e723d8a70105dc1b
5e38b4e6b410e2a2b451b1e7eadd000feb5b55b9a8a992c420f3a2a0349927b2,logion/k7/release_missions/oc_core_current/packages/oc_core_1_4/037/k2_biology_empirical_upgrade/formal/python/build_k2_biology_db_037.py,py,20030,691442c06aca26fd2b0f573353f8684ed9fa00627037ae40fa781bfe65a20876
8663a3b280c338a1e5b64d8c98eac2cf9321ec7b8d2e91fdeeb53e53e0334358,logion/k7/release_missions/oc_core_current/packages/oc_core_1_4/037/k2_biology_empirical_upgrade/formal/python/k2_biology_witnesses_037.py,py,1853,da97fde8cbf1de63487d332b5bafe70ad8350957f485412caef3b853f098fe51
3d6bc5050893cd0d4fd3713303a2fc9cd51e2a4ef64c1b854e0ce568b128699a,logion/k7/release_missions/oc_core_current/packages/oc_core_1_4/037/k2_biology_empirical_upgrade/formal/python/validate_037.py,py,8420,a0ad8c92e197ebd004c22c540919fa626301c4410de233bbe7bdbac291c30ee2
695b54f465d19cb6163cc7b764839a211d536d0beab4403acb0b6268ebc4507d,logion/k7/release_missions/oc_core_current/packages/oc_core_1_4/038/k3_cognition_empirical_upgrade/oc_k3_cognition_empirical_upgrade_038.sqlite,sqlite,126976,678621ba5d8fd9075d3d9ff58e837ed8e312720ada2bd9208be919304129d37b
f5fb83e1c718f04ac555f8c3ee3ee597141492e391ee051f5cddeaefc9f3e3d5,logion/k7/release_missions/oc_core_current/packages/oc_core_1_4/038/k3_cognition_empirical_upgrade/OC_K3_COGNITION_EMPIRICAL_UPGRADE_ARTICLE_BOUNDARY_038.md,md,1028,844df64a772f44b958b9c8b9477ad212af145421b1e678e7443547e21fb58989
5994de0a0d6f0fac13bb842b8626ffacf6cc7723bad0aed9d437e3fbfeeeb9cd,logion/k7/release_missions/oc_core_current/packages/oc_core_1_4/038/k3_cognition_empirical_upgrade/OC_K3_COGNITION_EMPIRICAL_UPGRADE_NOTEBOOK_038.md,md,1996,6ead9e1a24510e6b300b9fb1ddc22e2838d6a10c6b4987b2757f2f39834739ed
921b528c949db9b65fec215fa63e4a98a4df501f9ffdd4f491e14e99da350e97,logion/k7/release_missions/oc_core_current/packages/oc_core_1_4/038/k3_cognition_empirical_upgrade/OC_K3_COGNITION_EMPIRICAL_UPGRADE_ORDER_038.md,md,1077,096c1a6923cc6f90c54a0d0a16cf16213635da2353a718279dbe8d032006671c
dbd8370c1e71ed20f45419fa998035e5a97f28b1cb1fc4fd79195f38529ae813,logion/k7/release_missions/oc_core_current/packages/oc_core_1_4/038/k3_cognition_empirical_upgrade/formal/lake-manifest.json,json,140,d161f5d6ed6e4f00e1af288b4297d9837e2d1203fc1ea8a5257bfb4f640c0a99
b3cdb25b68224f3809ff5cf3b41465bf557de7a885070927f19578256540a5e4,logion/k7/release_missions/oc_core_current/packages/oc_core_1_4/038/k3_cognition_empirical_upgrade/formal/lakefile.lean,lean,155,82926e56da92d89972dde270a1e143ef44c5124991766924c85e5931c87c9b68
60c7d36d0d609f8368c505e18ff9ae90ff18328111daeed0d641e241d3527296,logion/k7/release_missions/oc_core_current/packages/oc_core_1_4/038/k3_cognition_empirical_upgrade/formal/OCCognition.lean,lean,26,b01647894544e42bc84513160996e08b1f20efe7ea8a76ec6fb2f719a464b6f4
bb1d2b2c5940a8a37f48376c984350d17c6eca27331b5b61a56022923f567eca,logion/k7/release_missions/oc_core_current/packages/oc_core_1_4/038/k3_cognition_empirical_upgrade/formal/OCCognition/Basic.lean,lean,2001,adff32b66f1a9f29de6787009545a02e075f63674c90c8afcd01087c8dc16905
a7fc9aa8b093d7840ff6546b59c096331fc37101627fbdae8e61256489882d39,logion/k7/release_missions/oc_core_current/packages/oc_core_1_4/038/k3_cognition_empirical_upgrade/formal/python/build_k3_cognition_db_038.py,py,20573,a1fb44d479737fc3491fd5aa90e6d5ed9335fb8856c9ce6cb95331c446288bb6
047d1e3e8fa5fbefd701e352674f1ff618b7d2ac6afbea6371169a2502cc1e4e,logion/k7/release_missions/oc_core_current/packages/oc_core_1_4/038/k3_cognition_empirical_upgrade/formal/python/k3_cognition_witnesses_038.py,py,2168,b42cbe7feed2c0ff50dbde9497d10d903018e12865e4ff06e043b1e35144a81a
223142079f6ed6d2f40077692eb6be57ef5f9e9bc9e0ccc1e046370ad2747422,logion/k7/release_missions/oc_core_current/packages/oc_core_1_4/038/k3_cognition_empirical_upgrade/formal/python/validate_038.py,py,8382,30c499242b98aa5cb1c43be4cf3909aae311c2dd871182def0a0b5ee00ce19df
f9f7f4ed9bd5e75fb633efbbcd8880b5b2f2bd1ff6df7b0fca1c89e77dc7241c,logion/k7/release_missions/oc_core_current/packages/oc_core_1_4/039/full_k_hierarchy_evidence_closure/DATASET_MANIFEST_039.json,json,8033,8e0b4a59d4677a134ccf665f856c21ebcf827425233c24044cac56b14933f0e5
6669cd11ec0621155328a366da8b172aa0025c90d20afc2f90fba6346d240571,logion/k7/release_missions/oc_core_current/packages/oc_core_1_4/039/full_k_hierarchy_evidence_closure/OC_FULL_K_HIERARCHY_ARTICLE_BOUNDARY_039.md,md,835,777f34837ddff779ec8f938053730ba6197d235df028de33104c7a3cbc8b2026
c00ba52208aad729cb8540c9a327b4e0f9501f3a7c0ee6fc85186d773d633200,logion/k7/release_missions/oc_core_current/packages/oc_core_1_4/039/full_k_hierarchy_evidence_closure/oc_full_k_hierarchy_evidence_closure_039.sqlite,sqlite,110592,e9ba5f98292fcfad141f512d416eec62683fce93ace2fc0e23179458f8b48246
5c1cff1b9311cf5f5b1a90004e6b4cf248b780308ca5909dee17d34ec24aa896,logion/k7/release_missions/oc_core_current/packages/oc_core_1_4/039/full_k_hierarchy_evidence_closure/OC_FULL_K_HIERARCHY_EVIDENCE_CLOSURE_ORDER_039.md,md,919,92f50b46585c0f3d822f7e970820369e290f21e427eb5e3ac8a1cec50f8f0cb9
3b24d35579ec1e8e89ff9cf745a9e7ad1294834749e292248e9faa4089e13151,logion/k7/release_missions/oc_core_current/packages/oc_core_1_4/039/full_k_hierarchy_evidence_closure/OC_FULL_K_HIERARCHY_EVIDENCE_NOTEBOOK_039.md,md,943,ce017eadc8bdde52c22668188b1aaac274280d6b3ed85c267368d9623edb8ac8
a5bf259f6f0d1856a0bb81d684b6335ef8290368c9dd2c2045220d9fd4d318f1,logion/k7/release_missions/oc_core_current/packages/oc_core_1_4/039/full_k_hierarchy_evidence_closure/formal/lake-manifest.json,json,143,dd8cd597ba839d4bfadd9ac0db65c234b7defb38fc61b9e08af8906148c65806
ae0169f6944e6695d29cd715c2a43b0f363e591e1bf434950651e8293893bfab,logion/k7/release_missions/oc_core_current/packages/oc_core_1_4/039/full_k_hierarchy_evidence_closure/formal/lakefile.lean,lean,150,e5d37418b6f8b309f1d9b2b6f0027abbae5fab7d046f791a0d8e628fdd62faf9
ad5efd1b35c028be5a04b1a49438d6ad4e910fac1d731345e5d7bffe2d3af29e,logion/k7/release_missions/oc_core_current/packages/oc_core_1_4/039/full_k_hierarchy_evidence_closure/formal/OCFullK.lean,lean,22,71ec25a0461b4a3719742d81452a036c4828b15b336afc754f6244040e0679e8
d7576edb753602a4308e15119a963d3326afb63361a6f8d8d4c20af5fbcdabe2,logion/k7/release_missions/oc_core_current/packages/oc_core_1_4/039/full_k_hierarchy_evidence_closure/formal/OCFullK/Basic.lean,lean,1448,a1f14fc6d2cc71737b487b043a2a877074a53a376d3855b68f902e856c843afc
41e390c9d9ab0f5b0c99a1675d88e2d504cef60bacc03bbd7cdc6910c8a847cb,logion/k7/release_missions/oc_core_current/packages/oc_core_1_4/039/full_k_hierarchy_evidence_closure/formal/python/acquire_evidence_seeds_039.py,py,9045,1ad463e5ff1b69b4723698a484bcf84772255cd137a3bc10e28a4431f0ddff87
83d094193738cb64a9cbc2b19524318c572cef1c6d34917580781509a8b17978,logion/k7/release_missions/oc_core_current/packages/oc_core_1_4/039/full_k_hierarchy_evidence_closure/formal/python/build_full_k_hierarchy_db_039.py,py,9538,4ffa6dc4bd6cccb1e92f9e53fd2efd32ac08ec617ba164458bb5992fc15fb94d
0709146dee7aecc40a6f8631fd2b91dd9cfc1bc57ecb6f6b799d97d3aa6fdacd,logion/k7/release_missions/oc_core_current/packages/oc_core_1_4/039/full_k_hierarchy_evidence_closure/formal/python/full_k_witnesses_039.py,py,1703,51c3d1200e524c1f859f30a8c24ea3fe1ab30d00061529c51b346f9cb6813ea7
e384a0a461a7ecd090b478fae9134941b317ec65b288d92b6dcb5190e36bb11e,logion/k7/release_missions/oc_core_current/packages/oc_core_1_4/039/full_k_hierarchy_evidence_closure/formal/python/replay_dataset_manifest_039.py,py,1782,99d1c226660cc5201382069e4066c10ce16804408fe21e946f63f1ceb50e6f3c
470cf77e8bad6b4d1a15f8e1ea309b5c7e00502f2007743a03d85da85d03c75a,logion/k7/release_missions/oc_core_current/packages/oc_core_1_4/039/full_k_hierarchy_evidence_closure/formal/python/validate_039.py,py,5776,b07673a445fd96e515497557ec8c319d9fe5a0a7434f36556f2551b4a76b3dcc
ae4987c3714f386c4b6df4afb3a29f975f61f128a0c75738f6163a9dcfb10452,logion/k7/release_missions/oc_core_current/packages/oc_core_1_4/040/continuous_replay_and_full_closure/DATASET_MANIFEST_040.json,json,34666,110b81c37cb5a3ff3fc35ffe77564f4b6b95b3e48ffda2cab0bd8ac9d8454383
e6c562986ce30b92f9d27220422565ce91e22cd91ac623d3d3f67de6acc6f0c5,logion/k7/release_missions/oc_core_current/packages/oc_core_1_4/040/continuous_replay_and_full_closure/OC_CONTINUOUS_REPLAY_ARTICLE_BOUNDARY_040.md,md,1218,f9f894d0e2d2a36d3322e757461b819dc77135bf1d4a9f25ea9eb8ad5eb0c85a
c7182a836f3997227b78dbdeaebadfc35606b9ea032430a062cc4a8d4efd6bb7,logion/k7/release_missions/oc_core_current/packages/oc_core_1_4/040/continuous_replay_and_full_closure/oc_continuous_replay_full_closure_040.sqlite,sqlite,389120,0c1a5ed2f712e65a1ecb6f25118dd247f3ac69ef0fb8c889535f440815f7ddc5
71b9869b2bfe94a9780bc3395c0268a5f8d502dffdd736072fb488ea118a2f58,logion/k7/release_missions/oc_core_current/packages/oc_core_1_4/040/continuous_replay_and_full_closure/OC_CONTINUOUS_REPLAY_FULL_CLOSURE_ORDER_040.md,md,1467,6bd215f1342305ec6398bb21bc094341fb811512a3a7565ddd11b83ffb82b544
37897d27e023358b009182ae08ac6c0cb964b5b535e32b8eb6f4b65ab72a14f5,logion/k7/release_missions/oc_core_current/packages/oc_core_1_4/040/continuous_replay_and_full_closure/OC_CONTINUOUS_REPLAY_NOTEBOOK_040.md,md,5212,c63924a6e816a90d4745eed6b0d0e317f3119e450c7b0596c857d785ef794f05
37adc5a41c8c7c0f83347f09b26c3c22be9ba08a483f63d839abd8d9a60be7e5,logion/k7/release_missions/oc_core_current/packages/oc_core_1_4/040/continuous_replay_and_full_closure/formal/lake-manifest.json,json,139,9cbfbf965a3f899f33f23aa2b2d0bfb10695747b9ec28fb08f351c5b1f7efcac
073e889c1af2ce190ec4073a4c353deacce0801aee9ce41100705c628b52a088,logion/k7/release_missions/oc_core_current/packages/oc_core_1_4/040/continuous_replay_and_full_closure/formal/lakefile.lean,lean,168,e32e38bbb4a7cbeb37ef3c75a3b26f63c8d9d0daf28825180c442091504c9ada
94b0c91a2be648589e26c68db84cfd2d5c7f8ec213fcf4cac3f84a67203450fc,logion/k7/release_missions/oc_core_current/packages/oc_core_1_4/040/continuous_replay_and_full_closure/formal/OCContinuousReplay.lean,lean,32,809b1d303ca4a1da360dfe005c5e3f0a88c248e6f952c91416d5e5f0f3799ae7
d8bf9f3aeb59c9ab6b59ac572afbcdeae1b46e4ae2f62c27416fde4673775828,logion/k7/release_missions/oc_core_current/packages/oc_core_1_4/040/continuous_replay_and_full_closure/formal/OCContinuousReplay/Basic.lean,lean,1277,8c93979e35a11e1ca3b7d3cc9762fba0a02d446c777aa4de748577af8b34c95a
5b412e59addbc4cba17353b2ebbe63b87f72c743bedfcfc2b9e60b107d456c3d,logion/k7/release_missions/oc_core_current/packages/oc_core_1_4/040/continuous_replay_and_full_closure/formal/python/acquire_or_register_datasets_040.py,py,19374,ef1d11dc85ebc2fca21b0f406a944d89d160a059667ff4377a833c8fb60562db
e0d1261315f97405da08ea7cc8e3545c28fabf69f67e5241dd642f311302fb75,logion/k7/release_missions/oc_core_current/packages/oc_core_1_4/040/continuous_replay_and_full_closure/formal/python/build_continuous_replay_db_040.py,py,15545,9029a9927172b04f98c686192603740d2786a976145969307575046edb92071d
4b4bf3d59bb210707bccea5e14c20a1ef90f37d616eb5d503f42fefa7e51897e,logion/k7/release_missions/oc_core_current/packages/oc_core_1_4/040/continuous_replay_and_full_closure/formal/python/close_corpus_mapping_and_crown_rows_040.py,py,7512,e0988d91602431da49e3a31fff19771211307e21736612f38627a65ac9e0f2e7
9103ba5bbef821cff1ab89308123849d980f32d0c630a7ab653c09292bedb9cc,logion/k7/release_missions/oc_core_current/packages/oc_core_1_4/040/continuous_replay_and_full_closure/formal/python/close_graph_and_article_gates_040.py,py,8073,3f80be300379925f9f02452ba978c7a75cc1aeeb82e177f5eb64c501423215f9
76f5ec3df42948ff2c8912ed288295d75f29872eaea6bd10adc31fc69c60c3fc,logion/k7/release_missions/oc_core_current/packages/oc_core_1_4/040/continuous_replay_and_full_closure/formal/python/continuous_replay_witnesses_040.py,py,1556,cf8309ac0830131395d1d5e882b097f66e470edc5e240fdd25c986f5b6cf30e4
a95403dac215a347eb0d081645f0f39e85fedcc28c35214edf951e04ca3ca27e,logion/k7/release_missions/oc_core_current/packages/oc_core_1_4/040/continuous_replay_and_full_closure/formal/python/replay_evidence_packets_040.py,py,31271,76688d4c0c35699e17542d46b1a540b1226df13448e5410a7fbda654def6b2ba
47f9bb1cea471443a9fa76af4a835088a656139a5b683026019d7f61c2a647b6,logion/k7/release_missions/oc_core_current/packages/oc_core_1_4/040/continuous_replay_and_full_closure/formal/python/validate_040.py,py,6923,c4a09d91c3ba9097a785e0e19974b39f6572aedb3a2bf3eb5a2ecbe689e6e2d1
ba6716e22873a8c58e7179f059a4d356dc4901ba9369b245f80db55c6132857c,logion/k7/release_missions/oc_core_current/packages/oc_core_1_4/041/crown_theorem_chain_repair/OC_CROWN_THEOREM_CHAIN_ARTICLE_BOUNDARY_041.md,md,841,f114aed707e01398a35c3e7ec8ef4d12e7b19577e03972d51335b95b800be78b
061a559c13b1b319d786b074df9ccb2ba474f278f9611214fc5dbbc2b7c9b7f9,logion/k7/release_missions/oc_core_current/packages/oc_core_1_4/041/crown_theorem_chain_repair/oc_crown_theorem_chain_repair_041.sqlite,sqlite,45056,6cb3282b7b4760aa9960c883410c8beec8719356b3c7a47c3fe33a86c51d6240
214cbcfd130e7ae1d8076a195fcfcb36cad14b151cee20b57eebe406c5b38e2e,logion/k7/release_missions/oc_core_current/packages/oc_core_1_4/041/crown_theorem_chain_repair/OC_CROWN_THEOREM_CHAIN_REPAIR_NOTEBOOK_041.md,md,1805,ef13b408adb4067fced40a54cfc790c02a1d8e2c9135490e79670e9bdd36a06d
960533bdfaadd90284f7bc6640857546dd2938cd1a781309d0403250fd9b6391,logion/k7/release_missions/oc_core_current/packages/oc_core_1_4/041/crown_theorem_chain_repair/OC_CROWN_THEOREM_CHAIN_REPAIR_ORDER_041.md,md,936,a79b14436e76fb232a735fd7c1bd2d34c6d083f12b4267f47c12c9c56e62d8f6
240f353b37aba6c5b8e7ed360b8e6953fa010e3dd6c41ef83616d8265d890a3b,logion/k7/release_missions/oc_core_current/packages/oc_core_1_4/041/crown_theorem_chain_repair/formal/lake-manifest.json,json,135,920310b06a0be59cf105023a36eb4f020d680398cada6604959358a64cc73968
1512e39e691362e9c8282853d6bf85a7fa051702427109fbbfe6f12e986ae9e2,logion/k7/release_missions/oc_core_current/packages/oc_core_1_4/041/crown_theorem_chain_repair/formal/lakefile.lean,lean,89,d04a8dea803cd16de998c5e7f149cc58c2b8795148baef77dbd42acb460d2c0e
68cdf7b40b2bae4f43f67bede13184153fdb5efab19fbd14df038650d65a148c,logion/k7/release_missions/oc_core_current/packages/oc_core_1_4/041/crown_theorem_chain_repair/formal/OCCrownRepair.lean,lean,27,ab8853a0220a0754db56d9caea09278fd2e54a828c2f1c7e7cabddd3a5046513
29e0ece5364cce498c81d082a3d7ae07ed653c3231b70a35bfe352b50e57c342,logion/k7/release_missions/oc_core_current/packages/oc_core_1_4/041/crown_theorem_chain_repair/formal/OCCrownRepair/Basic.lean,lean,3519,f7187bb3f27534a64f5e87144a6772ebe79b89c65187a278883625939a8f9a82
50384d56ef2d9c66a0e44e378c7d47ff648f7839f08633d4fd862f7248769e74,logion/k7/release_missions/oc_core_current/packages/oc_core_1_4/041/crown_theorem_chain_repair/formal/python/build_crown_theorem_chain_db_041.py,py,10483,fc196bb1a102aa2439c7e1ee36746094d99ae774f10fe291d822cc5d0c4b36ab
12d589d789e8c813375965129112033c506f6d0c898abdcf5a6992e3b459f8e8,logion/k7/release_missions/oc_core_current/packages/oc_core_1_4/041/crown_theorem_chain_repair/formal/python/validate_041.py,py,2686,3aab3ed69ad095d49712d921e2e8e40f405eee30e4756f54eca0ff444633935a
