requirement_ordinal,requirement_id,source_033_row_id,requirement_kind,target_id,status,required_packet,artifact_refs
3,OC35-EMPIRICAL-UPGRADE-DOMAIN-PROJECTIONS-004-K3-COGNITION,OC33-DOMAIN-CHAPTER-DOMAIN-PROJECTIONS-004-K3-COGNITION,domain_chapter_empirical_upgrade,K3 Cognitive Projection,OPEN,"Run a K3 cognition packet: ambiguous sentence/roadside perception tasks, reaction-time/error data, revision-vs-collapse criteria, and replication protocol.",logion/k7/release_missions/oc_core_current/packages/oc_core_1_4/022/public_payload/chapter_sources/master_monograph/chapter_K3_Cognitive_Projection.md; logion/k7/release_missions/oc_core_current/packages/oc_core_1_4/022/public_payload/chapter_sources/CHAPTER_SOURCE_INDEX.json; logion/k7/release_missions/oc_core_current/packages/oc_core_1_4/017/narrative_projection/MANUSCRIPT_FINAL_READER_TEXT_017.json; logion/k7/release_missions/oc_core_current/packages/oc_core_1_4/034/sequential_evidence_packet_closure/oc_sequential_evidence_packet_closure_034.sqlite; logion/k7/release_missions/oc_core_current/packages/oc_core_1_4/033/full_empirical_theory_expansion/oc_full_empirical_theory_expansion_033.sqlite; logion/k7/release_missions/oc_core_current/packages/oc_core_1_4/032/empirical_crown_domain_closure/oc_empirical_crown_domain_closure_032.sqlite; logion/k7/release_missions/oc_core_current/packages/oc_core_1_4/031/evidence_operationalization/oc_evidence_operationalization_031.sqlite; logion/k0/governance/status/DOMAIN_REPLAY_REPORTS_latest.json; logion/k0/governance/status/EMPIRICAL_DOMAIN_VALIDATION_MATRIX_latest.json; logion/k0/governance/status/OC_DOMAIN_PROJECTION_COMPLETION_latest.json; formal/OCContinuous/Basic.lean
4,OC35-EMPIRICAL-UPGRADE-DOMAIN-PROJECTIONS-005-K4-AGENCY,OC33-DOMAIN-CHAPTER-DOMAIN-PROJECTIONS-005-K4-AGENCY,domain_chapter_empirical_upgrade,K4 Agency Projection,OPEN,"Run a K4 agency packet: decision tasks with observable constraints, interventions on options/resources, preregistered outcome criteria, and replay.",logion/k7/release_missions/oc_core_current/packages/oc_core_1_4/022/public_payload/chapter_sources/master_monograph/chapter_K4_Agency_Projection.md; logion/k7/release_missions/oc_core_current/packages/oc_core_1_4/022/public_payload/chapter_sources/CHAPTER_SOURCE_INDEX.json; logion/k7/release_missions/oc_core_current/packages/oc_core_1_4/017/narrative_projection/MANUSCRIPT_FINAL_READER_TEXT_017.json; logion/k7/release_missions/oc_core_current/packages/oc_core_1_4/034/sequential_evidence_packet_closure/oc_sequential_evidence_packet_closure_034.sqlite; logion/k7/release_missions/oc_core_current/packages/oc_core_1_4/033/full_empirical_theory_expansion/oc_full_empirical_theory_expansion_033.sqlite; logion/k7/release_missions/oc_core_current/packages/oc_core_1_4/032/empirical_crown_domain_closure/oc_empirical_crown_domain_closure_032.sqlite; logion/k7/release_missions/oc_core_current/packages/oc_core_1_4/031/evidence_operationalization/oc_evidence_operationalization_031.sqlite; logion/k0/governance/status/DOMAIN_REPLAY_REPORTS_latest.json; logion/k0/governance/status/EMPIRICAL_DOMAIN_VALIDATION_MATRIX_latest.json; logion/k0/governance/status/OC_DOMAIN_PROJECTION_COMPLETION_latest.json; formal/OCContinuous/Basic.lean
5,OC35-EMPIRICAL-UPGRADE-DOMAIN-PROJECTIONS-006-K5-SOCIAL,OC33-DOMAIN-CHAPTER-DOMAIN-PROJECTIONS-006-K5-SOCIAL,domain_chapter_empirical_upgrade,K5 Social Projection,OPEN,"Run a K5 social packet: social-network or coordination dataset, boundary/operator labels, perturbation history, falsifiers, and replication script.",logion/k7/release_missions/oc_core_current/packages/oc_core_1_4/022/public_payload/chapter_sources/master_monograph/chapter_K5_Social_Projection.md; logion/k7/release_missions/oc_core_current/packages/oc_core_1_4/022/public_payload/chapter_sources/CHAPTER_SOURCE_INDEX.json; logion/k7/release_missions/oc_core_current/packages/oc_core_1_4/017/narrative_projection/MANUSCRIPT_FINAL_READER_TEXT_017.json; logion/k7/release_missions/oc_core_current/packages/oc_core_1_4/034/sequential_evidence_packet_closure/oc_sequential_evidence_packet_closure_034.sqlite; logion/k7/release_missions/oc_core_current/packages/oc_core_1_4/033/full_empirical_theory_expansion/oc_full_empirical_theory_expansion_033.sqlite; logion/k7/release_missions/oc_core_current/packages/oc_core_1_4/032/empirical_crown_domain_closure/oc_empirical_crown_domain_closure_032.sqlite; logion/k7/release_missions/oc_core_current/packages/oc_core_1_4/031/evidence_operationalization/oc_evidence_operationalization_031.sqlite; logion/k0/governance/status/DOMAIN_REPLAY_REPORTS_latest.json; logion/k0/governance/status/EMPIRICAL_DOMAIN_VALIDATION_MATRIX_latest.json; logion/k0/governance/status/OC_DOMAIN_PROJECTION_COMPLETION_latest.json; formal/OCContinuous/Basic.lean
6,OC35-EMPIRICAL-UPGRADE-DOMAIN-PROJECTIONS-007-K6-INSTITUTIONS,OC33-DOMAIN-CHAPTER-DOMAIN-PROJECTIONS-007-K6-INSTITUTIONS,domain_chapter_empirical_upgrade,K6 Institutional Projection,OPEN,"Run a K6 institutions packet: source-bound policy/process dataset, procedure traces, compliance/failure metrics, and independent audit replay.",logion/k7/release_missions/oc_core_current/packages/oc_core_1_4/022/public_payload/chapter_sources/master_monograph/chapter_K6_Institutional_Projection.md; logion/k7/release_missions/oc_core_current/packages/oc_core_1_4/022/public_payload/chapter_sources/CHAPTER_SOURCE_INDEX.json; logion/k7/release_missions/oc_core_current/packages/oc_core_1_4/017/narrative_projection/MANUSCRIPT_FINAL_READER_TEXT_017.json; logion/k7/release_missions/oc_core_current/packages/oc_core_1_4/034/sequential_evidence_packet_closure/oc_sequential_evidence_packet_closure_034.sqlite; logion/k7/release_missions/oc_core_current/packages/oc_core_1_4/033/full_empirical_theory_expansion/oc_full_empirical_theory_expansion_033.sqlite; logion/k7/release_missions/oc_core_current/packages/oc_core_1_4/032/empirical_crown_domain_closure/oc_empirical_crown_domain_closure_032.sqlite; logion/k7/release_missions/oc_core_current/packages/oc_core_1_4/031/evidence_operationalization/oc_evidence_operationalization_031.sqlite; logion/k0/governance/status/DOMAIN_REPLAY_REPORTS_latest.json; logion/k0/governance/status/EMPIRICAL_DOMAIN_VALIDATION_MATRIX_latest.json; logion/k0/governance/status/OC_DOMAIN_PROJECTION_COMPLETION_latest.json; formal/OCContinuous/Basic.lean
7,OC35-EMPIRICAL-UPGRADE-DOMAIN-PROJECTIONS-008-K7-CIVILIZATION,OC33-DOMAIN-CHAPTER-DOMAIN-PROJECTIONS-008-K7-CIVILIZATION,domain_chapter_empirical_upgrade,K7 Civilizational Projection,OPEN,"Run a K7 civilization packet: explicit historical cases, indicators, countercases, replayable coding rubric, and independent replication.",logion/k7/release_missions/oc_core_current/packages/oc_core_1_4/022/public_payload/chapter_sources/master_monograph/chapter_K7_Civilizational_Projection.md; logion/k7/release_missions/oc_core_current/packages/oc_core_1_4/022/public_payload/chapter_sources/CHAPTER_SOURCE_INDEX.json; logion/k7/release_missions/oc_core_current/packages/oc_core_1_4/017/narrative_projection/MANUSCRIPT_FINAL_READER_TEXT_017.json; logion/k7/release_missions/oc_core_current/packages/oc_core_1_4/034/sequential_evidence_packet_closure/oc_sequential_evidence_packet_closure_034.sqlite; logion/k7/release_missions/oc_core_current/packages/oc_core_1_4/033/full_empirical_theory_expansion/oc_full_empirical_theory_expansion_033.sqlite; logion/k7/release_missions/oc_core_current/packages/oc_core_1_4/032/empirical_crown_domain_closure/oc_empirical_crown_domain_closure_032.sqlite; logion/k7/release_missions/oc_core_current/packages/oc_core_1_4/031/evidence_operationalization/oc_evidence_operationalization_031.sqlite; logion/k0/governance/status/DOMAIN_REPLAY_REPORTS_latest.json; logion/k0/governance/status/EMPIRICAL_DOMAIN_VALIDATION_MATRIX_latest.json; logion/k0/governance/status/OC_DOMAIN_PROJECTION_COMPLETION_latest.json; formal/OCContinuous/Basic.lean
8,OC35-EMPIRICAL-UPGRADE-DOMAIN-PROJECTIONS-017-K10-META-THEORY,OC33-DOMAIN-CHAPTER-DOMAIN-PROJECTIONS-017-K10-META-THEORY,domain_chapter_empirical_upgrade,K10 Meta-Theory Projection,OPEN,"Run a K10 meta-theory packet: formal theorem ledger, independent proof replay, countermodel set, and article boundary audit.",logion/k7/release_missions/oc_core_current/packages/oc_core_1_4/022/public_payload/chapter_sources/master_monograph/chapter_K10_Meta-Theory_Projection.md; logion/k7/release_missions/oc_core_current/packages/oc_core_1_4/022/public_payload/chapter_sources/CHAPTER_SOURCE_INDEX.json; logion/k7/release_missions/oc_core_current/packages/oc_core_1_4/017/narrative_projection/MANUSCRIPT_FINAL_READER_TEXT_017.json; logion/k7/release_missions/oc_core_current/packages/oc_core_1_4/034/sequential_evidence_packet_closure/oc_sequential_evidence_packet_closure_034.sqlite; logion/k7/release_missions/oc_core_current/packages/oc_core_1_4/033/full_empirical_theory_expansion/oc_full_empirical_theory_expansion_033.sqlite; logion/k7/release_missions/oc_core_current/packages/oc_core_1_4/032/empirical_crown_domain_closure/oc_empirical_crown_domain_closure_032.sqlite; logion/k7/release_missions/oc_core_current/packages/oc_core_1_4/031/evidence_operationalization/oc_evidence_operationalization_031.sqlite; logion/k0/governance/status/DOMAIN_REPLAY_REPORTS_latest.json; logion/k0/governance/status/EMPIRICAL_DOMAIN_VALIDATION_MATRIX_latest.json; logion/k0/governance/status/OC_DOMAIN_PROJECTION_COMPLETION_latest.json; formal/OCContinuous/Basic.lean
9,OC35-EMPIRICAL-UPGRADE-DOMAIN-PROJECTIONS-017-K11-REFLEXIVE-SYSTEMS,OC33-DOMAIN-CHAPTER-DOMAIN-PROJECTIONS-017-K11-REFLEXIVE-SYSTEMS,domain_chapter_empirical_upgrade,K11 Reflexive Systems Projection,OPEN,"Run a K11 reflexive systems packet: self-monitoring system logs, intervention protocol, pre/post behavior metrics, and replay.",logion/k7/release_missions/oc_core_current/packages/oc_core_1_4/022/public_payload/chapter_sources/master_monograph/chapter_K11_Reflexive_Systems_Projection.md; logion/k7/release_missions/oc_core_current/packages/oc_core_1_4/022/public_payload/chapter_sources/CHAPTER_SOURCE_INDEX.json; logion/k7/release_missions/oc_core_current/packages/oc_core_1_4/017/narrative_projection/MANUSCRIPT_FINAL_READER_TEXT_017.json; logion/k7/release_missions/oc_core_current/packages/oc_core_1_4/034/sequential_evidence_packet_closure/oc_sequential_evidence_packet_closure_034.sqlite; logion/k7/release_missions/oc_core_current/packages/oc_core_1_4/033/full_empirical_theory_expansion/oc_full_empirical_theory_expansion_033.sqlite; logion/k7/release_missions/oc_core_current/packages/oc_core_1_4/032/empirical_crown_domain_closure/oc_empirical_crown_domain_closure_032.sqlite; logion/k7/release_missions/oc_core_current/packages/oc_core_1_4/031/evidence_operationalization/oc_evidence_operationalization_031.sqlite; logion/k0/governance/status/DOMAIN_REPLAY_REPORTS_latest.json; logion/k0/governance/status/EMPIRICAL_DOMAIN_VALIDATION_MATRIX_latest.json; logion/k0/governance/status/OC_DOMAIN_PROJECTION_COMPLETION_latest.json; formal/OCContinuous/Basic.lean
10,OC35-EMPIRICAL-UPGRADE-DOMAIN-PROJECTIONS-017-K12-GRAND-SYNTHESIS,OC33-DOMAIN-CHAPTER-DOMAIN-PROJECTIONS-017-K12-GRAND-SYNTHESIS,domain_chapter_empirical_upgrade,K12 Grand Synthesis Projection,OPEN,"Run a K12 synthesis packet: full graph validator, independent replay of all domain/crown packets, and article wording proof.",logion/k7/release_missions/oc_core_current/packages/oc_core_1_4/022/public_payload/chapter_sources/master_monograph/chapter_K12_Grand_Synthesis_Projection.md; logion/k7/release_missions/oc_core_current/packages/oc_core_1_4/022/public_payload/chapter_sources/CHAPTER_SOURCE_INDEX.json; logion/k7/release_missions/oc_core_current/packages/oc_core_1_4/017/narrative_projection/MANUSCRIPT_FINAL_READER_TEXT_017.json; logion/k7/release_missions/oc_core_current/packages/oc_core_1_4/034/sequential_evidence_packet_closure/oc_sequential_evidence_packet_closure_034.sqlite; logion/k7/release_missions/oc_core_current/packages/oc_core_1_4/033/full_empirical_theory_expansion/oc_full_empirical_theory_expansion_033.sqlite; logion/k7/release_missions/oc_core_current/packages/oc_core_1_4/032/empirical_crown_domain_closure/oc_empirical_crown_domain_closure_032.sqlite; logion/k7/release_missions/oc_core_current/packages/oc_core_1_4/031/evidence_operationalization/oc_evidence_operationalization_031.sqlite; logion/k0/governance/status/DOMAIN_REPLAY_REPORTS_latest.json; logion/k0/governance/status/EMPIRICAL_DOMAIN_VALIDATION_MATRIX_latest.json; logion/k0/governance/status/OC_DOMAIN_PROJECTION_COMPLETION_latest.json; formal/OCContinuous/Basic.lean
11,OC35-EMPIRICAL-UPGRADE-DOMAIN-PROJECTIONS-017-K8-TECHNOLOGY,OC33-DOMAIN-CHAPTER-DOMAIN-PROJECTIONS-017-K8-TECHNOLOGY,domain_chapter_empirical_upgrade,K8 Technological Projection,OPEN,"Run a K8 technology packet: artifact benchmark, logs/test cases, failure modes, acceptance thresholds, and reproducible replay.",logion/k7/release_missions/oc_core_current/packages/oc_core_1_4/022/public_payload/chapter_sources/master_monograph/chapter_K8_Technological_Projection.md; logion/k7/release_missions/oc_core_current/packages/oc_core_1_4/022/public_payload/chapter_sources/CHAPTER_SOURCE_INDEX.json; logion/k7/release_missions/oc_core_current/packages/oc_core_1_4/017/narrative_projection/MANUSCRIPT_FINAL_READER_TEXT_017.json; logion/k7/release_missions/oc_core_current/packages/oc_core_1_4/034/sequential_evidence_packet_closure/oc_sequential_evidence_packet_closure_034.sqlite; logion/k7/release_missions/oc_core_current/packages/oc_core_1_4/033/full_empirical_theory_expansion/oc_full_empirical_theory_expansion_033.sqlite; logion/k7/release_missions/oc_core_current/packages/oc_core_1_4/032/empirical_crown_domain_closure/oc_empirical_crown_domain_closure_032.sqlite; logion/k7/release_missions/oc_core_current/packages/oc_core_1_4/031/evidence_operationalization/oc_evidence_operationalization_031.sqlite; logion/k0/governance/status/DOMAIN_REPLAY_REPORTS_latest.json; logion/k0/governance/status/EMPIRICAL_DOMAIN_VALIDATION_MATRIX_latest.json; logion/k0/governance/status/OC_DOMAIN_PROJECTION_COMPLETION_latest.json; formal/OCContinuous/Basic.lean
12,OC35-EMPIRICAL-UPGRADE-DOMAIN-PROJECTIONS-017-K9-AI-SYSTEMS,OC33-DOMAIN-CHAPTER-DOMAIN-PROJECTIONS-017-K9-AI-SYSTEMS,domain_chapter_empirical_upgrade,K9 AI-System Projection,OPEN,"Run a K9 AI packet: eval suite, held-out tasks, tool/policy perturbations, error taxonomy, replay scripts, and acceptance gates.",logion/k7/release_missions/oc_core_current/packages/oc_core_1_4/022/public_payload/chapter_sources/master_monograph/chapter_K9_AI-System_Projection.md; logion/k7/release_missions/oc_core_current/packages/oc_core_1_4/022/public_payload/chapter_sources/CHAPTER_SOURCE_INDEX.json; logion/k7/release_missions/oc_core_current/packages/oc_core_1_4/017/narrative_projection/MANUSCRIPT_FINAL_READER_TEXT_017.json; logion/k7/release_missions/oc_core_current/packages/oc_core_1_4/034/sequential_evidence_packet_closure/oc_sequential_evidence_packet_closure_034.sqlite; logion/k7/release_missions/oc_core_current/packages/oc_core_1_4/033/full_empirical_theory_expansion/oc_full_empirical_theory_expansion_033.sqlite; logion/k7/release_missions/oc_core_current/packages/oc_core_1_4/032/empirical_crown_domain_closure/oc_empirical_crown_domain_closure_032.sqlite; logion/k7/release_missions/oc_core_current/packages/oc_core_1_4/031/evidence_operationalization/oc_evidence_operationalization_031.sqlite; logion/k0/governance/status/DOMAIN_REPLAY_REPORTS_latest.json; logion/k0/governance/status/EMPIRICAL_DOMAIN_VALIDATION_MATRIX_latest.json; logion/k0/governance/status/OC_DOMAIN_PROJECTION_COMPLETION_latest.json; formal/OCContinuous/Basic.lean
13,OC35-CROWN-THEOREM-CHAIN-DD-DESTRUCTION-DYNAMICS,OC33-CROWN-NAMED-INVENTORY-GAP,crown_stone_theorem_chain,DD_DESTRUCTION_DYNAMICS,OPEN,Recover exact theorem statement for Destruction Dynamics (DD); prove chain from OC core or reject with counterproof; add falsifier and local evidence if empirical.,logion/k0/governance/registries/CROWN_STONE_REGISTRY_v0_1.ndjson; logion/k7/inbox/corona_stones_01/CANONICAL/DD Backup.md; logion/k7/inbox/corona_stones_01/NORMALIZED/CLAIM_UNITS_v0_1.md; logion/k7/inbox/corona_stones_01/INVENTORY_v0_1.json
14,OC35-CROWN-THEOREM-CHAIN-CARMA-COMPENSATORY-MECHANISMS,OC33-CROWN-NAMED-INVENTORY-GAP,crown_stone_theorem_chain,CARMA_COMPENSATORY_MECHANISMS,OPEN,Recover exact theorem statement for Compensatory Adaptive Response Mechanisms (CARMA); prove chain from OC core or reject with counterproof; add falsifier and local evidence if empirical.,logion/k0/governance/registries/CROWN_STONE_REGISTRY_v0_1.ndjson; logion/k7/inbox/corona_stones_01/CANONICAL/CARMA Backup.md; logion/k7/inbox/corona_stones_01/NORMALIZED/CLAIM_UNITS_v0_1.md; logion/k7/inbox/corona_stones_01/INVENTORY_v0_1.json
15,OC35-CROWN-THEOREM-CHAIN-SIR-STATE-INVERSION-RECOVERY,OC33-CROWN-NAMED-INVENTORY-GAP,crown_stone_theorem_chain,SIR_STATE_INVERSION_RECOVERY,OPEN,Recover exact theorem statement for State Inversion Recovery (SIR); prove chain from OC core or reject with counterproof; add falsifier and local evidence if empirical.,logion/k0/governance/registries/CROWN_STONE_REGISTRY_v0_1.ndjson; logion/k7/inbox/corona_stones_01/CANONICAL/SIR Backup.md; logion/k7/inbox/corona_stones_01/NORMALIZED/CLAIM_UNITS_v0_1.md; logion/k7/inbox/corona_stones_01/INVENTORY_v0_1.json
16,OC35-CROWN-THEOREM-CHAIN-SMD-STABILITY-MELTDOWN-DYNAMICS,OC33-CROWN-NAMED-INVENTORY-GAP,crown_stone_theorem_chain,SMD_STABILITY_MELTDOWN_DYNAMICS,OPEN,Recover exact theorem statement for Stability Meltdown Dynamics (SMD); prove chain from OC core or reject with counterproof; add falsifier and local evidence if empirical.,logion/k0/governance/registries/CROWN_STONE_REGISTRY_v0_1.ndjson; logion/k7/inbox/corona_stones_01/CANONICAL/SMD Backup.md; logion/k7/inbox/corona_stones_01/NORMALIZED/CLAIM_UNITS_v0_1.md; logion/k7/inbox/corona_stones_01/INVENTORY_v0_1.json
17,OC35-CROWN-THEOREM-CHAIN-LIFE-LIFECYCLE-INTEGRITY-FEEDBACK,OC33-CROWN-NAMED-INVENTORY-GAP,crown_stone_theorem_chain,LIFE_LIFECYCLE_INTEGRITY_FEEDBACK,OPEN,Recover exact theorem statement for Lifecycle Integrity Feedback (LIFE); prove chain from OC core or reject with counterproof; add falsifier and local evidence if empirical.,logion/k0/governance/registries/CROWN_STONE_REGISTRY_v0_1.ndjson; logion/k7/inbox/corona_stones_01/CANONICAL/LIFE Backup.md; logion/k7/inbox/corona_stones_01/NORMALIZED/CLAIM_UNITS_v0_1.md; logion/k7/inbox/corona_stones_01/INVENTORY_v0_1.json
18,OC35-CROWN-THEOREM-CHAIN-BRR-BOUNDARY-RESONANCE-REGULATION,OC33-CROWN-NAMED-INVENTORY-GAP,crown_stone_theorem_chain,BRR_BOUNDARY_RESONANCE_REGULATION,OPEN,Recover exact theorem statement for Boundary Resonance Regulation (BRR); prove chain from OC core or reject with counterproof; add falsifier and local evidence if empirical.,logion/k0/governance/registries/CROWN_STONE_REGISTRY_v0_1.ndjson; logion/k7/inbox/corona_stones_01/CANONICAL/BRR Backup.md; logion/k7/inbox/corona_stones_01/NORMALIZED/CLAIM_UNITS_v0_1.md; logion/k7/inbox/corona_stones_01/INVENTORY_v0_1.json
19,OC35-CROWN-THEOREM-CHAIN-UCM-UNIVERSAL-CONTINUA-MECHANISM,OC33-CROWN-NAMED-INVENTORY-GAP,crown_stone_theorem_chain,UCM_UNIVERSAL_CONTINUA_MECHANISM,OPEN,"Recover exact theorem statement for Universal Continua Mechanisms (UCM, derived); prove chain from OC core or reject with counterproof; add falsifier and local evidence if empirical.",logion/k0/governance/registries/CROWN_STONE_REGISTRY_v0_1.ndjson; logion/k7/inbox/corona_stones_01/CANONICAL/Unbenanntes Dokument.md; logion/k7/inbox/corona_stones_01/NORMALIZED/CLAIM_UNITS_v0_1.md; logion/k7/inbox/corona_stones_01/INVENTORY_v0_1.json
20,OC35-ATTACK-RESPONSE-MAP-REVIEWER-ATTACK-RESPONSE-MAP-EMPIRICAL-ATTACKS-ATOM-101-H50BC388114BE,OC33-EMPIRICAL-ATTACK-RESPONSE-COVERAGE,empirical_attack_response_mapping,reviewer_attack_response_map__empirical_attacks__atom_101__h50bc388114be,OPEN,"Map reviewer_attack_response_map__empirical_attacks__atom_101__h50bc388114be to a domain/crown evidence row, repaired counterevidence row, or explicit nonclaim exclusion.",logion/k7/release_missions/oc_core_current/packages/oc_core_1_4/006/language_sources/units/reviewer_attack_response_map__empirical_attacks__atom_101__h50bc388114be.json
21,OC35-ATTACK-RESPONSE-MAP-REVIEWER-ATTACK-RESPONSE-MAP-EMPIRICAL-ATTACKS-ATOM-102-H1DE2C883E2AA,OC33-EMPIRICAL-ATTACK-RESPONSE-COVERAGE,empirical_attack_response_mapping,reviewer_attack_response_map__empirical_attacks__atom_102__h1de2c883e2aa,OPEN,"Map reviewer_attack_response_map__empirical_attacks__atom_102__h1de2c883e2aa to a domain/crown evidence row, repaired counterevidence row, or explicit nonclaim exclusion.",logion/k7/release_missions/oc_core_current/packages/oc_core_1_4/006/language_sources/units/reviewer_attack_response_map__empirical_attacks__atom_102__h1de2c883e2aa.json
22,OC35-ATTACK-RESPONSE-MAP-REVIEWER-ATTACK-RESPONSE-MAP-EMPIRICAL-ATTACKS-ATOM-103-H7C8DA88E8D20,OC33-EMPIRICAL-ATTACK-RESPONSE-COVERAGE,empirical_attack_response_mapping,reviewer_attack_response_map__empirical_attacks__atom_103__h7c8da88e8d20,OPEN,"Map reviewer_attack_response_map__empirical_attacks__atom_103__h7c8da88e8d20 to a domain/crown evidence row, repaired counterevidence row, or explicit nonclaim exclusion.",logion/k7/release_missions/oc_core_current/packages/oc_core_1_4/006/language_sources/units/reviewer_attack_response_map__empirical_attacks__atom_103__h7c8da88e8d20.json
23,OC35-ATTACK-RESPONSE-MAP-REVIEWER-ATTACK-RESPONSE-MAP-EMPIRICAL-ATTACKS-ATOM-104-HD6AA785B8EDB,OC33-EMPIRICAL-ATTACK-RESPONSE-COVERAGE,empirical_attack_response_mapping,reviewer_attack_response_map__empirical_attacks__atom_104__hd6aa785b8edb,OPEN,"Map reviewer_attack_response_map__empirical_attacks__atom_104__hd6aa785b8edb to a domain/crown evidence row, repaired counterevidence row, or explicit nonclaim exclusion.",logion/k7/release_missions/oc_core_current/packages/oc_core_1_4/006/language_sources/units/reviewer_attack_response_map__empirical_attacks__atom_104__hd6aa785b8edb.json
24,OC35-ATTACK-RESPONSE-MAP-REVIEWER-ATTACK-RESPONSE-MAP-EMPIRICAL-ATTACKS-ATOM-105-H089E5B425C5B,OC33-EMPIRICAL-ATTACK-RESPONSE-COVERAGE,empirical_attack_response_mapping,reviewer_attack_response_map__empirical_attacks__atom_105__h089e5b425c5b,OPEN,"Map reviewer_attack_response_map__empirical_attacks__atom_105__h089e5b425c5b to a domain/crown evidence row, repaired counterevidence row, or explicit nonclaim exclusion.",logion/k7/release_missions/oc_core_current/packages/oc_core_1_4/006/language_sources/units/reviewer_attack_response_map__empirical_attacks__atom_105__h089e5b425c5b.json
25,OC35-ATTACK-RESPONSE-MAP-REVIEWER-ATTACK-RESPONSE-MAP-EMPIRICAL-ATTACKS-ATOM-106-H5560DD98BEA1,OC33-EMPIRICAL-ATTACK-RESPONSE-COVERAGE,empirical_attack_response_mapping,reviewer_attack_response_map__empirical_attacks__atom_106__h5560dd98bea1,OPEN,"Map reviewer_attack_response_map__empirical_attacks__atom_106__h5560dd98bea1 to a domain/crown evidence row, repaired counterevidence row, or explicit nonclaim exclusion.",logion/k7/release_missions/oc_core_current/packages/oc_core_1_4/006/language_sources/units/reviewer_attack_response_map__empirical_attacks__atom_106__h5560dd98bea1.json
26,OC35-ATTACK-RESPONSE-MAP-REVIEWER-ATTACK-RESPONSE-MAP-EMPIRICAL-ATTACKS-ATOM-107-H47DCE4B60763,OC33-EMPIRICAL-ATTACK-RESPONSE-COVERAGE,empirical_attack_response_mapping,reviewer_attack_response_map__empirical_attacks__atom_107__h47dce4b60763,OPEN,"Map reviewer_attack_response_map__empirical_attacks__atom_107__h47dce4b60763 to a domain/crown evidence row, repaired counterevidence row, or explicit nonclaim exclusion.",logion/k7/release_missions/oc_core_current/packages/oc_core_1_4/006/language_sources/units/reviewer_attack_response_map__empirical_attacks__atom_107__h47dce4b60763.json
27,OC35-ATTACK-RESPONSE-MAP-REVIEWER-ATTACK-RESPONSE-MAP-EMPIRICAL-ATTACKS-ATOM-108-H2DCD9EAAB628,OC33-EMPIRICAL-ATTACK-RESPONSE-COVERAGE,empirical_attack_response_mapping,reviewer_attack_response_map__empirical_attacks__atom_108__h2dcd9eaab628,OPEN,"Map reviewer_attack_response_map__empirical_attacks__atom_108__h2dcd9eaab628 to a domain/crown evidence row, repaired counterevidence row, or explicit nonclaim exclusion.",logion/k7/release_missions/oc_core_current/packages/oc_core_1_4/006/language_sources/units/reviewer_attack_response_map__empirical_attacks__atom_108__h2dcd9eaab628.json
28,OC35-ATTACK-RESPONSE-MAP-REVIEWER-ATTACK-RESPONSE-MAP-EMPIRICAL-ATTACKS-ATOM-109-HA6D8519CCBC7,OC33-EMPIRICAL-ATTACK-RESPONSE-COVERAGE,empirical_attack_response_mapping,reviewer_attack_response_map__empirical_attacks__atom_109__ha6d8519ccbc7,OPEN,"Map reviewer_attack_response_map__empirical_attacks__atom_109__ha6d8519ccbc7 to a domain/crown evidence row, repaired counterevidence row, or explicit nonclaim exclusion.",logion/k7/release_missions/oc_core_current/packages/oc_core_1_4/006/language_sources/units/reviewer_attack_response_map__empirical_attacks__atom_109__ha6d8519ccbc7.json
29,OC35-ATTACK-RESPONSE-MAP-REVIEWER-ATTACK-RESPONSE-MAP-EMPIRICAL-ATTACKS-ATOM-110-H5C1A2E1A5766,OC33-EMPIRICAL-ATTACK-RESPONSE-COVERAGE,empirical_attack_response_mapping,reviewer_attack_response_map__empirical_attacks__atom_110__h5c1a2e1a5766,OPEN,"Map reviewer_attack_response_map__empirical_attacks__atom_110__h5c1a2e1a5766 to a domain/crown evidence row, repaired counterevidence row, or explicit nonclaim exclusion.",logion/k7/release_missions/oc_core_current/packages/oc_core_1_4/006/language_sources/units/reviewer_attack_response_map__empirical_attacks__atom_110__h5c1a2e1a5766.json
30,OC35-ATTACK-RESPONSE-MAP-REVIEWER-ATTACK-RESPONSE-MAP-EMPIRICAL-ATTACKS-ATOM-111-H8347273118BA,OC33-EMPIRICAL-ATTACK-RESPONSE-COVERAGE,empirical_attack_response_mapping,reviewer_attack_response_map__empirical_attacks__atom_111__h8347273118ba,OPEN,"Map reviewer_attack_response_map__empirical_attacks__atom_111__h8347273118ba to a domain/crown evidence row, repaired counterevidence row, or explicit nonclaim exclusion.",logion/k7/release_missions/oc_core_current/packages/oc_core_1_4/006/language_sources/units/reviewer_attack_response_map__empirical_attacks__atom_111__h8347273118ba.json
31,OC35-ATTACK-RESPONSE-MAP-REVIEWER-ATTACK-RESPONSE-MAP-EMPIRICAL-ATTACKS-ATOM-112-H862FF7ED6E65,OC33-EMPIRICAL-ATTACK-RESPONSE-COVERAGE,empirical_attack_response_mapping,reviewer_attack_response_map__empirical_attacks__atom_112__h862ff7ed6e65,OPEN,"Map reviewer_attack_response_map__empirical_attacks__atom_112__h862ff7ed6e65 to a domain/crown evidence row, repaired counterevidence row, or explicit nonclaim exclusion.",logion/k7/release_missions/oc_core_current/packages/oc_core_1_4/006/language_sources/units/reviewer_attack_response_map__empirical_attacks__atom_112__h862ff7ed6e65.json
32,OC35-ATTACK-RESPONSE-MAP-REVIEWER-ATTACK-RESPONSE-MAP-EMPIRICAL-ATTACKS-ATOM-113-H0347BEA9334B,OC33-EMPIRICAL-ATTACK-RESPONSE-COVERAGE,empirical_attack_response_mapping,reviewer_attack_response_map__empirical_attacks__atom_113__h0347bea9334b,OPEN,"Map reviewer_attack_response_map__empirical_attacks__atom_113__h0347bea9334b to a domain/crown evidence row, repaired counterevidence row, or explicit nonclaim exclusion.",logion/k7/release_missions/oc_core_current/packages/oc_core_1_4/006/language_sources/units/reviewer_attack_response_map__empirical_attacks__atom_113__h0347bea9334b.json
33,OC35-ATTACK-RESPONSE-MAP-REVIEWER-ATTACK-RESPONSE-MAP-EMPIRICAL-ATTACKS-ATOM-114-H5F8510C3262A,OC33-EMPIRICAL-ATTACK-RESPONSE-COVERAGE,empirical_attack_response_mapping,reviewer_attack_response_map__empirical_attacks__atom_114__h5f8510c3262a,OPEN,"Map reviewer_attack_response_map__empirical_attacks__atom_114__h5f8510c3262a to a domain/crown evidence row, repaired counterevidence row, or explicit nonclaim exclusion.",logion/k7/release_missions/oc_core_current/packages/oc_core_1_4/006/language_sources/units/reviewer_attack_response_map__empirical_attacks__atom_114__h5f8510c3262a.json
34,OC35-ATTACK-RESPONSE-MAP-REVIEWER-ATTACK-RESPONSE-MAP-EMPIRICAL-ATTACKS-ATOM-115-HA08ADF2CB113,OC33-EMPIRICAL-ATTACK-RESPONSE-COVERAGE,empirical_attack_response_mapping,reviewer_attack_response_map__empirical_attacks__atom_115__ha08adf2cb113,OPEN,"Map reviewer_attack_response_map__empirical_attacks__atom_115__ha08adf2cb113 to a domain/crown evidence row, repaired counterevidence row, or explicit nonclaim exclusion.",logion/k7/release_missions/oc_core_current/packages/oc_core_1_4/006/language_sources/units/reviewer_attack_response_map__empirical_attacks__atom_115__ha08adf2cb113.json
35,OC35-ATTACK-RESPONSE-MAP-REVIEWER-ATTACK-RESPONSE-MAP-EMPIRICAL-ATTACKS-ATOM-116-H0C83741BA51B,OC33-EMPIRICAL-ATTACK-RESPONSE-COVERAGE,empirical_attack_response_mapping,reviewer_attack_response_map__empirical_attacks__atom_116__h0c83741ba51b,OPEN,"Map reviewer_attack_response_map__empirical_attacks__atom_116__h0c83741ba51b to a domain/crown evidence row, repaired counterevidence row, or explicit nonclaim exclusion.",logion/k7/release_missions/oc_core_current/packages/oc_core_1_4/006/language_sources/units/reviewer_attack_response_map__empirical_attacks__atom_116__h0c83741ba51b.json
36,OC35-ATTACK-RESPONSE-MAP-REVIEWER-ATTACK-RESPONSE-MAP-EMPIRICAL-ATTACKS-ATOM-117-HA1242CA1C801,OC33-EMPIRICAL-ATTACK-RESPONSE-COVERAGE,empirical_attack_response_mapping,reviewer_attack_response_map__empirical_attacks__atom_117__ha1242ca1c801,OPEN,"Map reviewer_attack_response_map__empirical_attacks__atom_117__ha1242ca1c801 to a domain/crown evidence row, repaired counterevidence row, or explicit nonclaim exclusion.",logion/k7/release_missions/oc_core_current/packages/oc_core_1_4/006/language_sources/units/reviewer_attack_response_map__empirical_attacks__atom_117__ha1242ca1c801.json
37,OC35-ATTACK-RESPONSE-MAP-REVIEWER-ATTACK-RESPONSE-MAP-EMPIRICAL-ATTACKS-ATOM-118-H3D2BF697C293,OC33-EMPIRICAL-ATTACK-RESPONSE-COVERAGE,empirical_attack_response_mapping,reviewer_attack_response_map__empirical_attacks__atom_118__h3d2bf697c293,OPEN,"Map reviewer_attack_response_map__empirical_attacks__atom_118__h3d2bf697c293 to a domain/crown evidence row, repaired counterevidence row, or explicit nonclaim exclusion.",logion/k7/release_missions/oc_core_current/packages/oc_core_1_4/006/language_sources/units/reviewer_attack_response_map__empirical_attacks__atom_118__h3d2bf697c293.json
38,OC35-ATTACK-RESPONSE-MAP-REVIEWER-ATTACK-RESPONSE-MAP-EMPIRICAL-ATTACKS-ATOM-119-H7338686CDF3B,OC33-EMPIRICAL-ATTACK-RESPONSE-COVERAGE,empirical_attack_response_mapping,reviewer_attack_response_map__empirical_attacks__atom_119__h7338686cdf3b,OPEN,"Map reviewer_attack_response_map__empirical_attacks__atom_119__h7338686cdf3b to a domain/crown evidence row, repaired counterevidence row, or explicit nonclaim exclusion.",logion/k7/release_missions/oc_core_current/packages/oc_core_1_4/006/language_sources/units/reviewer_attack_response_map__empirical_attacks__atom_119__h7338686cdf3b.json
39,OC35-ATTACK-RESPONSE-MAP-REVIEWER-ATTACK-RESPONSE-MAP-EMPIRICAL-ATTACKS-ATOM-120-H72936E341514,OC33-EMPIRICAL-ATTACK-RESPONSE-COVERAGE,empirical_attack_response_mapping,reviewer_attack_response_map__empirical_attacks__atom_120__h72936e341514,OPEN,"Map reviewer_attack_response_map__empirical_attacks__atom_120__h72936e341514 to a domain/crown evidence row, repaired counterevidence row, or explicit nonclaim exclusion.",logion/k7/release_missions/oc_core_current/packages/oc_core_1_4/006/language_sources/units/reviewer_attack_response_map__empirical_attacks__atom_120__h72936e341514.json
40,OC35-ATTACK-RESPONSE-MAP-REVIEWER-ATTACK-RESPONSE-MAP-EMPIRICAL-ATTACKS-ATOM-121-HAD5A09D5FA02,OC33-EMPIRICAL-ATTACK-RESPONSE-COVERAGE,empirical_attack_response_mapping,reviewer_attack_response_map__empirical_attacks__atom_121__had5a09d5fa02,OPEN,"Map reviewer_attack_response_map__empirical_attacks__atom_121__had5a09d5fa02 to a domain/crown evidence row, repaired counterevidence row, or explicit nonclaim exclusion.",logion/k7/release_missions/oc_core_current/packages/oc_core_1_4/006/language_sources/units/reviewer_attack_response_map__empirical_attacks__atom_121__had5a09d5fa02.json
41,OC35-ATTACK-RESPONSE-MAP-REVIEWER-ATTACK-RESPONSE-MAP-EMPIRICAL-ATTACKS-ATOM-122-HA3A8BFF123E2,OC33-EMPIRICAL-ATTACK-RESPONSE-COVERAGE,empirical_attack_response_mapping,reviewer_attack_response_map__empirical_attacks__atom_122__ha3a8bff123e2,OPEN,"Map reviewer_attack_response_map__empirical_attacks__atom_122__ha3a8bff123e2 to a domain/crown evidence row, repaired counterevidence row, or explicit nonclaim exclusion.",logion/k7/release_missions/oc_core_current/packages/oc_core_1_4/006/language_sources/units/reviewer_attack_response_map__empirical_attacks__atom_122__ha3a8bff123e2.json
42,OC35-ATTACK-RESPONSE-MAP-REVIEWER-ATTACK-RESPONSE-MAP-EMPIRICAL-ATTACKS-ATOM-123-H408472654B7A,OC33-EMPIRICAL-ATTACK-RESPONSE-COVERAGE,empirical_attack_response_mapping,reviewer_attack_response_map__empirical_attacks__atom_123__h408472654b7a,OPEN,"Map reviewer_attack_response_map__empirical_attacks__atom_123__h408472654b7a to a domain/crown evidence row, repaired counterevidence row, or explicit nonclaim exclusion.",logion/k7/release_missions/oc_core_current/packages/oc_core_1_4/006/language_sources/units/reviewer_attack_response_map__empirical_attacks__atom_123__h408472654b7a.json
43,OC35-ATTACK-RESPONSE-MAP-REVIEWER-ATTACK-RESPONSE-MAP-EMPIRICAL-ATTACKS-ATOM-124-H07597D6FD745,OC33-EMPIRICAL-ATTACK-RESPONSE-COVERAGE,empirical_attack_response_mapping,reviewer_attack_response_map__empirical_attacks__atom_124__h07597d6fd745,OPEN,"Map reviewer_attack_response_map__empirical_attacks__atom_124__h07597d6fd745 to a domain/crown evidence row, repaired counterevidence row, or explicit nonclaim exclusion.",logion/k7/release_missions/oc_core_current/packages/oc_core_1_4/006/language_sources/units/reviewer_attack_response_map__empirical_attacks__atom_124__h07597d6fd745.json
44,OC35-ATTACK-RESPONSE-MAP-REVIEWER-ATTACK-RESPONSE-MAP-EMPIRICAL-ATTACKS-ATOM-125-H77426666B593,OC33-EMPIRICAL-ATTACK-RESPONSE-COVERAGE,empirical_attack_response_mapping,reviewer_attack_response_map__empirical_attacks__atom_125__h77426666b593,OPEN,"Map reviewer_attack_response_map__empirical_attacks__atom_125__h77426666b593 to a domain/crown evidence row, repaired counterevidence row, or explicit nonclaim exclusion.",logion/k7/release_missions/oc_core_current/packages/oc_core_1_4/006/language_sources/units/reviewer_attack_response_map__empirical_attacks__atom_125__h77426666b593.json
45,OC35-ATTACK-RESPONSE-MAP-REVIEWER-ATTACK-RESPONSE-MAP-EMPIRICAL-ATTACKS-ATOM-126-H78676F77CBEF,OC33-EMPIRICAL-ATTACK-RESPONSE-COVERAGE,empirical_attack_response_mapping,reviewer_attack_response_map__empirical_attacks__atom_126__h78676f77cbef,OPEN,"Map reviewer_attack_response_map__empirical_attacks__atom_126__h78676f77cbef to a domain/crown evidence row, repaired counterevidence row, or explicit nonclaim exclusion.",logion/k7/release_missions/oc_core_current/packages/oc_core_1_4/006/language_sources/units/reviewer_attack_response_map__empirical_attacks__atom_126__h78676f77cbef.json
46,OC35-ATTACK-RESPONSE-MAP-REVIEWER-ATTACK-RESPONSE-MAP-EMPIRICAL-ATTACKS-ATOM-127-H6FF28784EC0A,OC33-EMPIRICAL-ATTACK-RESPONSE-COVERAGE,empirical_attack_response_mapping,reviewer_attack_response_map__empirical_attacks__atom_127__h6ff28784ec0a,OPEN,"Map reviewer_attack_response_map__empirical_attacks__atom_127__h6ff28784ec0a to a domain/crown evidence row, repaired counterevidence row, or explicit nonclaim exclusion.",logion/k7/release_missions/oc_core_current/packages/oc_core_1_4/006/language_sources/units/reviewer_attack_response_map__empirical_attacks__atom_127__h6ff28784ec0a.json
47,OC35-ATTACK-RESPONSE-MAP-REVIEWER-ATTACK-RESPONSE-MAP-EMPIRICAL-ATTACKS-ATOM-128-H6366EE6B8F34,OC33-EMPIRICAL-ATTACK-RESPONSE-COVERAGE,empirical_attack_response_mapping,reviewer_attack_response_map__empirical_attacks__atom_128__h6366ee6b8f34,OPEN,"Map reviewer_attack_response_map__empirical_attacks__atom_128__h6366ee6b8f34 to a domain/crown evidence row, repaired counterevidence row, or explicit nonclaim exclusion.",logion/k7/release_missions/oc_core_current/packages/oc_core_1_4/006/language_sources/units/reviewer_attack_response_map__empirical_attacks__atom_128__h6366ee6b8f34.json
48,OC35-ATTACK-RESPONSE-MAP-REVIEWER-ATTACK-RESPONSE-MAP-EMPIRICAL-ATTACKS-ATOM-129-H1DBA08D257E1,OC33-EMPIRICAL-ATTACK-RESPONSE-COVERAGE,empirical_attack_response_mapping,reviewer_attack_response_map__empirical_attacks__atom_129__h1dba08d257e1,OPEN,"Map reviewer_attack_response_map__empirical_attacks__atom_129__h1dba08d257e1 to a domain/crown evidence row, repaired counterevidence row, or explicit nonclaim exclusion.",logion/k7/release_missions/oc_core_current/packages/oc_core_1_4/006/language_sources/units/reviewer_attack_response_map__empirical_attacks__atom_129__h1dba08d257e1.json
49,OC35-ATTACK-RESPONSE-MAP-REVIEWER-ATTACK-RESPONSE-MAP-EMPIRICAL-ATTACKS-ATOM-130-H79A3AE812176,OC33-EMPIRICAL-ATTACK-RESPONSE-COVERAGE,empirical_attack_response_mapping,reviewer_attack_response_map__empirical_attacks__atom_130__h79a3ae812176,OPEN,"Map reviewer_attack_response_map__empirical_attacks__atom_130__h79a3ae812176 to a domain/crown evidence row, repaired counterevidence row, or explicit nonclaim exclusion.",logion/k7/release_missions/oc_core_current/packages/oc_core_1_4/006/language_sources/units/reviewer_attack_response_map__empirical_attacks__atom_130__h79a3ae812176.json
50,OC35-ATTACK-RESPONSE-MAP-REVIEWER-ATTACK-RESPONSE-MAP-EMPIRICAL-ATTACKS-ATOM-131-H95FA7EF1C190,OC33-EMPIRICAL-ATTACK-RESPONSE-COVERAGE,empirical_attack_response_mapping,reviewer_attack_response_map__empirical_attacks__atom_131__h95fa7ef1c190,OPEN,"Map reviewer_attack_response_map__empirical_attacks__atom_131__h95fa7ef1c190 to a domain/crown evidence row, repaired counterevidence row, or explicit nonclaim exclusion.",logion/k7/release_missions/oc_core_current/packages/oc_core_1_4/006/language_sources/units/reviewer_attack_response_map__empirical_attacks__atom_131__h95fa7ef1c190.json
51,OC35-ATTACK-RESPONSE-MAP-REVIEWER-ATTACK-RESPONSE-MAP-EMPIRICAL-ATTACKS-ATOM-132-H33906AB53063,OC33-EMPIRICAL-ATTACK-RESPONSE-COVERAGE,empirical_attack_response_mapping,reviewer_attack_response_map__empirical_attacks__atom_132__h33906ab53063,OPEN,"Map reviewer_attack_response_map__empirical_attacks__atom_132__h33906ab53063 to a domain/crown evidence row, repaired counterevidence row, or explicit nonclaim exclusion.",logion/k7/release_missions/oc_core_current/packages/oc_core_1_4/006/language_sources/units/reviewer_attack_response_map__empirical_attacks__atom_132__h33906ab53063.json
52,OC35-ATTACK-RESPONSE-MAP-REVIEWER-ATTACK-RESPONSE-MAP-EMPIRICAL-ATTACKS-ATOM-133-H37BA508D59CD,OC33-EMPIRICAL-ATTACK-RESPONSE-COVERAGE,empirical_attack_response_mapping,reviewer_attack_response_map__empirical_attacks__atom_133__h37ba508d59cd,OPEN,"Map reviewer_attack_response_map__empirical_attacks__atom_133__h37ba508d59cd to a domain/crown evidence row, repaired counterevidence row, or explicit nonclaim exclusion.",logion/k7/release_missions/oc_core_current/packages/oc_core_1_4/006/language_sources/units/reviewer_attack_response_map__empirical_attacks__atom_133__h37ba508d59cd.json
53,OC35-ATTACK-RESPONSE-MAP-REVIEWER-ATTACK-RESPONSE-MAP-EMPIRICAL-ATTACKS-ATOM-134-HA256DA192B9E,OC33-EMPIRICAL-ATTACK-RESPONSE-COVERAGE,empirical_attack_response_mapping,reviewer_attack_response_map__empirical_attacks__atom_134__ha256da192b9e,OPEN,"Map reviewer_attack_response_map__empirical_attacks__atom_134__ha256da192b9e to a domain/crown evidence row, repaired counterevidence row, or explicit nonclaim exclusion.",logion/k7/release_missions/oc_core_current/packages/oc_core_1_4/006/language_sources/units/reviewer_attack_response_map__empirical_attacks__atom_134__ha256da192b9e.json
54,OC35-ATTACK-RESPONSE-MAP-REVIEWER-ATTACK-RESPONSE-MAP-EMPIRICAL-ATTACKS-ATOM-135-HE1B2C597AEFE,OC33-EMPIRICAL-ATTACK-RESPONSE-COVERAGE,empirical_attack_response_mapping,reviewer_attack_response_map__empirical_attacks__atom_135__he1b2c597aefe,OPEN,"Map reviewer_attack_response_map__empirical_attacks__atom_135__he1b2c597aefe to a domain/crown evidence row, repaired counterevidence row, or explicit nonclaim exclusion.",logion/k7/release_missions/oc_core_current/packages/oc_core_1_4/006/language_sources/units/reviewer_attack_response_map__empirical_attacks__atom_135__he1b2c597aefe.json
55,OC35-ATTACK-RESPONSE-MAP-REVIEWER-ATTACK-RESPONSE-MAP-EMPIRICAL-ATTACKS-ATOM-136-H011C158812E5,OC33-EMPIRICAL-ATTACK-RESPONSE-COVERAGE,empirical_attack_response_mapping,reviewer_attack_response_map__empirical_attacks__atom_136__h011c158812e5,OPEN,"Map reviewer_attack_response_map__empirical_attacks__atom_136__h011c158812e5 to a domain/crown evidence row, repaired counterevidence row, or explicit nonclaim exclusion.",logion/k7/release_missions/oc_core_current/packages/oc_core_1_4/006/language_sources/units/reviewer_attack_response_map__empirical_attacks__atom_136__h011c158812e5.json
56,OC35-ATTACK-RESPONSE-MAP-REVIEWER-ATTACK-RESPONSE-MAP-EMPIRICAL-ATTACKS-ATOM-137-HA1583AB62BE3,OC33-EMPIRICAL-ATTACK-RESPONSE-COVERAGE,empirical_attack_response_mapping,reviewer_attack_response_map__empirical_attacks__atom_137__ha1583ab62be3,OPEN,"Map reviewer_attack_response_map__empirical_attacks__atom_137__ha1583ab62be3 to a domain/crown evidence row, repaired counterevidence row, or explicit nonclaim exclusion.",logion/k7/release_missions/oc_core_current/packages/oc_core_1_4/006/language_sources/units/reviewer_attack_response_map__empirical_attacks__atom_137__ha1583ab62be3.json
57,OC35-ATTACK-RESPONSE-MAP-REVIEWER-ATTACK-RESPONSE-MAP-EMPIRICAL-ATTACKS-ATOM-138-HC3E277ECA806,OC33-EMPIRICAL-ATTACK-RESPONSE-COVERAGE,empirical_attack_response_mapping,reviewer_attack_response_map__empirical_attacks__atom_138__hc3e277eca806,OPEN,"Map reviewer_attack_response_map__empirical_attacks__atom_138__hc3e277eca806 to a domain/crown evidence row, repaired counterevidence row, or explicit nonclaim exclusion.",logion/k7/release_missions/oc_core_current/packages/oc_core_1_4/006/language_sources/units/reviewer_attack_response_map__empirical_attacks__atom_138__hc3e277eca806.json
58,OC35-ATTACK-RESPONSE-MAP-REVIEWER-ATTACK-RESPONSE-MAP-EMPIRICAL-ATTACKS-ATOM-139-H318F2264ED98,OC33-EMPIRICAL-ATTACK-RESPONSE-COVERAGE,empirical_attack_response_mapping,reviewer_attack_response_map__empirical_attacks__atom_139__h318f2264ed98,OPEN,"Map reviewer_attack_response_map__empirical_attacks__atom_139__h318f2264ed98 to a domain/crown evidence row, repaired counterevidence row, or explicit nonclaim exclusion.",logion/k7/release_missions/oc_core_current/packages/oc_core_1_4/006/language_sources/units/reviewer_attack_response_map__empirical_attacks__atom_139__h318f2264ed98.json
59,OC35-ATTACK-RESPONSE-MAP-REVIEWER-ATTACK-RESPONSE-MAP-EMPIRICAL-ATTACKS-ATOM-140-HFCD0E57E6C0C,OC33-EMPIRICAL-ATTACK-RESPONSE-COVERAGE,empirical_attack_response_mapping,reviewer_attack_response_map__empirical_attacks__atom_140__hfcd0e57e6c0c,OPEN,"Map reviewer_attack_response_map__empirical_attacks__atom_140__hfcd0e57e6c0c to a domain/crown evidence row, repaired counterevidence row, or explicit nonclaim exclusion.",logion/k7/release_missions/oc_core_current/packages/oc_core_1_4/006/language_sources/units/reviewer_attack_response_map__empirical_attacks__atom_140__hfcd0e57e6c0c.json
60,OC35-ATTACK-RESPONSE-MAP-REVIEWER-ATTACK-RESPONSE-MAP-EMPIRICAL-ATTACKS-ATOM-141-HDE60962D7772,OC33-EMPIRICAL-ATTACK-RESPONSE-COVERAGE,empirical_attack_response_mapping,reviewer_attack_response_map__empirical_attacks__atom_141__hde60962d7772,OPEN,"Map reviewer_attack_response_map__empirical_attacks__atom_141__hde60962d7772 to a domain/crown evidence row, repaired counterevidence row, or explicit nonclaim exclusion.",logion/k7/release_missions/oc_core_current/packages/oc_core_1_4/006/language_sources/units/reviewer_attack_response_map__empirical_attacks__atom_141__hde60962d7772.json
61,OC35-ATTACK-RESPONSE-MAP-REVIEWER-ATTACK-RESPONSE-MAP-EMPIRICAL-ATTACKS-ATOM-142-H7C68D47B6883,OC33-EMPIRICAL-ATTACK-RESPONSE-COVERAGE,empirical_attack_response_mapping,reviewer_attack_response_map__empirical_attacks__atom_142__h7c68d47b6883,OPEN,"Map reviewer_attack_response_map__empirical_attacks__atom_142__h7c68d47b6883 to a domain/crown evidence row, repaired counterevidence row, or explicit nonclaim exclusion.",logion/k7/release_missions/oc_core_current/packages/oc_core_1_4/006/language_sources/units/reviewer_attack_response_map__empirical_attacks__atom_142__h7c68d47b6883.json
62,OC35-ARTICLE-FULL-EMPIRICAL-CLOSEOUT,OC33-ARTICLE-FULL-EMPIRICAL-CLOSEOUT-GATE,article_closeout_gate,FULL_EMPIRICAL_CLOSEOUT,OPEN,"Close every domain empirical upgrade, crown theorem-chain, and empirical attack-response mapping before article promotion.",OC_CONTINUOUS_EVIDENCE_PACKET_ARTICLE_BOUNDARY_035.md; logion/k7/release_missions/oc_core_current/packages/oc_core_1_4/033/full_empirical_theory_expansion/oc_full_empirical_theory_expansion_033.sqlite; logion/k7/release_missions/oc_core_current/packages/oc_core_1_4/034/sequential_evidence_packet_closure/oc_sequential_evidence_packet_closure_034.sqlite; formal/python/validate_035.py; formal/OCContinuous/Basic.lean
