packet_id,source_033_row_id,source_ordinal,candidate_kind,packet_title,packet_status,claim_ceiling,promoted_statement,exact_source_statement,formal_proposition,observables,constraints,operator_map,invariants,falsifier,replay_or_replication_surface,evidence_refs,dependency_closure,verification_note,empirical_promotion_allowed,empirical_upgrade_required,next_evidence_packet,updated_at
OC35-PACKET-DOMAIN-CHAPTER-DOMAIN-PROJECTIONS-002-K1-CHEMISTRY,OC33-DOMAIN-CHAPTER-DOMAIN-PROJECTIONS-002-K1-CHEMISTRY,7,domain_projection_chapter,K1 Chemical Projection,FORMALLY_PROVED_NONEMPIRICAL_PROJECTION,FORMAL_PROJECTION_ONLY_UNTIL_CHAPTER_LOCAL_EMPIRICAL_PACKET_EXISTS,"K1 Chemical Projection is closed as a source-bound formal projection discipline, not as empirical domain proof.","K1 Chemical Projection | K1 treats chemistry as a domain of organized transformations under constraints, not as a list of isolated reactions. | A salt crystal preserves order, but it does not repair the conditions of its own formation. The term does not replace solution chemistry, kinetics, thermodynamics, or molecular mechanism.","If a K-domain chapter supplies source-bound vocabulary mapping, domain observables, a non-replacement boundary, and falsifier discipline, but lacks chapter-level dataset/replay evidence, then it is proved only as a formal/nonempirical projection.","species, concentrations, reaction rates, product distributions, pH, temperature, catalysts, surfaces, compartments, and timescales","pH windows, activation barriers, concentration thresholds, solvent, temperature, feedstock, diffusion, degradation, and catalyst poisoning","aldol addition, isomerization, catalysis, adsorption, dilution, drying/rehydration, degradation, and network closure",chemical mechanism and domain-level rates/yields remain visible; OC terms must rewrite into chemistry without replacing kinetics or thermodynamics,"fails if molecule/reaction/condition mappings vanish, if ordinary chemistry explains the case better, or if OC prose claims origin-of-life proof from a projection","Coarse domain lane CHEMISTRY: replay=PASS_REPLAYABLE, validation=PASS, cases=30; this supports only the coarse domain ceiling and does not by itself prove the chapter-level claim.",logion/k7/release_missions/oc_core_current/packages/oc_core_1_4/022/public_payload/chapter_sources/master_monograph/chapter_K1_Chemical_Projection.md; logion/k7/release_missions/oc_core_current/packages/oc_core_1_4/022/public_payload/chapter_sources/CHAPTER_SOURCE_INDEX.json; logion/k7/release_missions/oc_core_current/packages/oc_core_1_4/017/narrative_projection/MANUSCRIPT_FINAL_READER_TEXT_017.json; logion/k7/release_missions/oc_core_current/packages/oc_core_1_4/034/sequential_evidence_packet_closure/oc_sequential_evidence_packet_closure_034.sqlite; logion/k7/release_missions/oc_core_current/packages/oc_core_1_4/033/full_empirical_theory_expansion/oc_full_empirical_theory_expansion_033.sqlite; logion/k7/release_missions/oc_core_current/packages/oc_core_1_4/032/empirical_crown_domain_closure/oc_empirical_crown_domain_closure_032.sqlite; logion/k7/release_missions/oc_core_current/packages/oc_core_1_4/031/evidence_operationalization/oc_evidence_operationalization_031.sqlite; logion/k0/governance/status/DOMAIN_REPLAY_REPORTS_latest.json; logion/k0/governance/status/EMPIRICAL_DOMAIN_VALIDATION_MATRIX_latest.json; logion/k0/governance/status/OC_DOMAIN_PROJECTION_COMPLETION_latest.json; formal/OCContinuous/Basic.lean,"Depends on 034 queue control, 033 row identity, 031/032 evidence ceilings, source chapter, and OCContinuous formal gate.",chapter_sha256=1c5cf4d883bfca916b91999d3b5d1f9fb1781d05598673cabdb9c8d9d00276c0; trace_count=5; boundary_sentence_count=4.,0,1,"Run a K1 chemistry packet using a declared reaction network such as formose/RAF: dataset, rate/yield traces, condition grid, replay script, held-out cases, and acceptance thresholds.",2026-05-22T11:58:14.340328+00:00
OC35-PACKET-DOMAIN-CHAPTER-DOMAIN-PROJECTIONS-003-K2-BIOLOGY,OC33-DOMAIN-CHAPTER-DOMAIN-PROJECTIONS-003-K2-BIOLOGY,8,domain_projection_chapter,K2 Biological Projection,FORMALLY_PROVED_NONEMPIRICAL_PROJECTION,FORMAL_PROJECTION_ONLY_UNTIL_CHAPTER_LOCAL_EMPIRICAL_PACKET_EXISTS,"K2 Biological Projection is closed as a source-bound formal projection discipline, not as empirical domain proof.","K2 Biological Projection | K2 Biological Projection treats living systems as maintained organizations rather than static collections of parts. | These words are broad, but they earn their place only when they can be tied to observable biological variables. Biology forces description to move, but it does not permit description to float free.","If a K-domain chapter supplies source-bound vocabulary mapping, domain observables, a non-replacement boundary, and falsifier discipline, but lacks chapter-level dataset/replay evidence, then it is proved only as a formal/nonempirical projection.","cell states, tissue boundaries, signaling gradients, pathogen burden, oxygenation, matrix stiffness, repair markers, phenotype transitions, and intervention outcomes","homeostasis ranges, immune tradeoffs, oxygen and nutrient supply, mechanical tension, infection pressure, developmental context, and viability limits","signaling, feedback, migration, division, selection, apoptosis, repair, matrix remodeling, immune recruitment, and ecological disturbance",biological mechanism is not erased; claimed boundary/operator assignments must be measurable or perturbable,"fails if OC terms apply equally to any biological story, if a simpler biological mechanism wins, or if the proposed boundary cannot be measured or perturbed","Coarse domain lane BIOLOGY: replay=PASS_REPLAYABLE, validation=PASS, cases=30; this supports only the coarse domain ceiling and does not by itself prove the chapter-level claim.",logion/k7/release_missions/oc_core_current/packages/oc_core_1_4/022/public_payload/chapter_sources/master_monograph/chapter_K2_Biological_Projection.md; logion/k7/release_missions/oc_core_current/packages/oc_core_1_4/022/public_payload/chapter_sources/CHAPTER_SOURCE_INDEX.json; logion/k7/release_missions/oc_core_current/packages/oc_core_1_4/017/narrative_projection/MANUSCRIPT_FINAL_READER_TEXT_017.json; logion/k7/release_missions/oc_core_current/packages/oc_core_1_4/034/sequential_evidence_packet_closure/oc_sequential_evidence_packet_closure_034.sqlite; logion/k7/release_missions/oc_core_current/packages/oc_core_1_4/033/full_empirical_theory_expansion/oc_full_empirical_theory_expansion_033.sqlite; logion/k7/release_missions/oc_core_current/packages/oc_core_1_4/032/empirical_crown_domain_closure/oc_empirical_crown_domain_closure_032.sqlite; logion/k7/release_missions/oc_core_current/packages/oc_core_1_4/031/evidence_operationalization/oc_evidence_operationalization_031.sqlite; logion/k0/governance/status/DOMAIN_REPLAY_REPORTS_latest.json; logion/k0/governance/status/EMPIRICAL_DOMAIN_VALIDATION_MATRIX_latest.json; logion/k0/governance/status/OC_DOMAIN_PROJECTION_COMPLETION_latest.json; formal/OCContinuous/Basic.lean,"Depends on 034 queue control, 033 row identity, 031/032 evidence ceilings, source chapter, and OCContinuous formal gate.",chapter_sha256=65859f7e59b21364dd03a02335aabc90b2c551ac6ade6a1749b4597dc94cf5e4; trace_count=5; boundary_sentence_count=4.,0,1,"Run a K2 biology comparative packet: wound/biofilm/homeostasis cases, observable schema, perturbation outcomes, replay cases, and failure contrasts.",2026-05-22T11:58:14.340328+00:00
OC35-PACKET-DOMAIN-CHAPTER-DOMAIN-PROJECTIONS-004-K3-COGNITION,OC33-DOMAIN-CHAPTER-DOMAIN-PROJECTIONS-004-K3-COGNITION,9,domain_projection_chapter,K3 Cognitive Projection,FORMALLY_PROVED_NONEMPIRICAL_PROJECTION,FORMAL_PROJECTION_ONLY_UNTIL_CHAPTER_LOCAL_EMPIRICAL_PACKET_EXISTS,"K3 Cognitive Projection is closed as a source-bound formal projection discipline, not as empirical domain proof.",K3 Cognitive Projection | K3 Cognitive Projection treats cognition as a domain where finite organization must preserve usable coherence under incomplete and changing conditions. | # K3 Cognitive Projection ## The Domain Enters In Cognitive Projection A mind does not merely receive a world. The listener does not wait for perfect input.,"If a K-domain chapter supplies source-bound vocabulary mapping, domain observables, a non-replacement boundary, and falsifier discipline, but lacks chapter-level dataset/replay evidence, then it is proved only as a formal/nonempirical projection.","attention, memory, salience, interpretation, response time, error pattern, report, neural/behavioral traces, and action readiness","finite working memory, incomplete signals, ambiguity, time pressure, expectation, overload, task goals, and social stakes","attending, recalling, comparing, inhibiting, naming, rehearsing, revising, acting, and feedback update","state, distinction, transformation, conflict, and action must remain distinguishable from loose cognitive metaphor","fails if additive storage explains the case, if terms fit every mental event equally, or if no experiment can distinguish revision from breakdown",No coarse 031/032 empirical row directly promotes this chapter-level projection.,logion/k7/release_missions/oc_core_current/packages/oc_core_1_4/022/public_payload/chapter_sources/master_monograph/chapter_K3_Cognitive_Projection.md; logion/k7/release_missions/oc_core_current/packages/oc_core_1_4/022/public_payload/chapter_sources/CHAPTER_SOURCE_INDEX.json; logion/k7/release_missions/oc_core_current/packages/oc_core_1_4/017/narrative_projection/MANUSCRIPT_FINAL_READER_TEXT_017.json; logion/k7/release_missions/oc_core_current/packages/oc_core_1_4/034/sequential_evidence_packet_closure/oc_sequential_evidence_packet_closure_034.sqlite; logion/k7/release_missions/oc_core_current/packages/oc_core_1_4/033/full_empirical_theory_expansion/oc_full_empirical_theory_expansion_033.sqlite; logion/k7/release_missions/oc_core_current/packages/oc_core_1_4/032/empirical_crown_domain_closure/oc_empirical_crown_domain_closure_032.sqlite; logion/k7/release_missions/oc_core_current/packages/oc_core_1_4/031/evidence_operationalization/oc_evidence_operationalization_031.sqlite; logion/k0/governance/status/DOMAIN_REPLAY_REPORTS_latest.json; logion/k0/governance/status/EMPIRICAL_DOMAIN_VALIDATION_MATRIX_latest.json; logion/k0/governance/status/OC_DOMAIN_PROJECTION_COMPLETION_latest.json; formal/OCContinuous/Basic.lean,"Depends on 034 queue control, 033 row identity, 031/032 evidence ceilings, source chapter, and OCContinuous formal gate.",chapter_sha256=f28d91f0b11b73403a3b351adf9d113e2ad3c40e82a82c34e90a4552e87f5553; trace_count=5; boundary_sentence_count=4.,0,1,"Run a K3 cognition packet: ambiguous sentence/roadside perception tasks, reaction-time/error data, revision-vs-collapse criteria, and replication protocol.",2026-05-22T11:58:14.340328+00:00
OC35-PACKET-DOMAIN-CHAPTER-DOMAIN-PROJECTIONS-005-K4-AGENCY,OC33-DOMAIN-CHAPTER-DOMAIN-PROJECTIONS-005-K4-AGENCY,10,domain_projection_chapter,K4 Agency Projection,FORMALLY_PROVED_NONEMPIRICAL_PROJECTION,FORMAL_PROJECTION_ONLY_UNTIL_CHAPTER_LOCAL_EMPIRICAL_PACKET_EXISTS,"K4 Agency Projection is closed as a source-bound formal projection discipline, not as empirical domain proof.","K4 Agency Projection | Agency is introduced as structured selectivity under constraint, not as proof of consciousness, intention, personhood, moral responsibility, or legal standing. | It does not merely receive one signal and emit one response. A turbulent flow may be difficult to predict, yet unpredictability does not prove agency.","If a K-domain chapter supplies source-bound vocabulary mapping, domain observables, a non-replacement boundary, and falsifier discipline, but lacks chapter-level dataset/replay evidence, then it is proved only as a formal/nonempirical projection.","goals, choices, commitments, plans, constraints, capability limits, feedback, preference changes, and action outcomes","resource limits, conflicting goals, role commitments, uncertainty, norms, capability boundaries, and temporal pressure","choosing, committing, inhibiting, planning, revising, delegating, repairing, abandoning, and learning from feedback",agency claims must preserve observable action criteria rather than treating intention as self-validating,fails if behavior is better explained without agent-level variables or if proposed agency operators do not change predicted action patterns,No coarse 031/032 empirical row directly promotes this chapter-level projection.,logion/k7/release_missions/oc_core_current/packages/oc_core_1_4/022/public_payload/chapter_sources/master_monograph/chapter_K4_Agency_Projection.md; logion/k7/release_missions/oc_core_current/packages/oc_core_1_4/022/public_payload/chapter_sources/CHAPTER_SOURCE_INDEX.json; logion/k7/release_missions/oc_core_current/packages/oc_core_1_4/017/narrative_projection/MANUSCRIPT_FINAL_READER_TEXT_017.json; logion/k7/release_missions/oc_core_current/packages/oc_core_1_4/034/sequential_evidence_packet_closure/oc_sequential_evidence_packet_closure_034.sqlite; logion/k7/release_missions/oc_core_current/packages/oc_core_1_4/033/full_empirical_theory_expansion/oc_full_empirical_theory_expansion_033.sqlite; logion/k7/release_missions/oc_core_current/packages/oc_core_1_4/032/empirical_crown_domain_closure/oc_empirical_crown_domain_closure_032.sqlite; logion/k7/release_missions/oc_core_current/packages/oc_core_1_4/031/evidence_operationalization/oc_evidence_operationalization_031.sqlite; logion/k0/governance/status/DOMAIN_REPLAY_REPORTS_latest.json; logion/k0/governance/status/EMPIRICAL_DOMAIN_VALIDATION_MATRIX_latest.json; logion/k0/governance/status/OC_DOMAIN_PROJECTION_COMPLETION_latest.json; formal/OCContinuous/Basic.lean,"Depends on 034 queue control, 033 row identity, 031/032 evidence ceilings, source chapter, and OCContinuous formal gate.",chapter_sha256=f0cde524659f105bd8c0ce0a346df209b5ef9d8ebb3f819aba42940706d43fe2; trace_count=5; boundary_sentence_count=4.,0,1,"Run a K4 agency packet: decision tasks with observable constraints, interventions on options/resources, preregistered outcome criteria, and replay.",2026-05-22T11:58:14.340328+00:00
OC35-PACKET-DOMAIN-CHAPTER-DOMAIN-PROJECTIONS-006-K5-SOCIAL,OC33-DOMAIN-CHAPTER-DOMAIN-PROJECTIONS-006-K5-SOCIAL,11,domain_projection_chapter,K5 Social Projection,FORMALLY_PROVED_NONEMPIRICAL_PROJECTION,FORMAL_PROJECTION_ONLY_UNTIL_CHAPTER_LOCAL_EMPIRICAL_PACKET_EXISTS,"K5 Social Projection is closed as a source-bound formal projection discipline, not as empirical domain proof.","K5 Social Projection | K5 Social Projection treats social systems as patterned relations among persons, roles, institutions, rules, expectations, and resources. | The sharper problem is contradiction: a live incompatibility among commitments, roles, incentives, or descriptions that the system cannot ignore without changing its behavior. When those demands cannot all be satisfied within the existing arrangement, the social object has reached a point of strain.","If a K-domain chapter supplies source-bound vocabulary mapping, domain observables, a non-replacement boundary, and falsifier discipline, but lacks chapter-level dataset/replay evidence, then it is proved only as a formal/nonempirical projection.","roles, norms, communications, trust signals, sanction patterns, group boundaries, coordination failures, and collective action outcomes","information asymmetry, incentives, shared norms, reputation, resource flows, conflict, coordination capacity, and institutional context","signaling, norm enforcement, coalition formation, sanctioning, negotiation, repair, exclusion, and coordination","social projection must not collapse individual, relational, and group-level observables into one label",fails if network/social-science variables explain the case without OC structure or if assigned boundaries do not affect behavior,No coarse 031/032 empirical row directly promotes this chapter-level projection.,logion/k7/release_missions/oc_core_current/packages/oc_core_1_4/022/public_payload/chapter_sources/master_monograph/chapter_K5_Social_Projection.md; logion/k7/release_missions/oc_core_current/packages/oc_core_1_4/022/public_payload/chapter_sources/CHAPTER_SOURCE_INDEX.json; logion/k7/release_missions/oc_core_current/packages/oc_core_1_4/017/narrative_projection/MANUSCRIPT_FINAL_READER_TEXT_017.json; logion/k7/release_missions/oc_core_current/packages/oc_core_1_4/034/sequential_evidence_packet_closure/oc_sequential_evidence_packet_closure_034.sqlite; logion/k7/release_missions/oc_core_current/packages/oc_core_1_4/033/full_empirical_theory_expansion/oc_full_empirical_theory_expansion_033.sqlite; logion/k7/release_missions/oc_core_current/packages/oc_core_1_4/032/empirical_crown_domain_closure/oc_empirical_crown_domain_closure_032.sqlite; logion/k7/release_missions/oc_core_current/packages/oc_core_1_4/031/evidence_operationalization/oc_evidence_operationalization_031.sqlite; logion/k0/governance/status/DOMAIN_REPLAY_REPORTS_latest.json; logion/k0/governance/status/EMPIRICAL_DOMAIN_VALIDATION_MATRIX_latest.json; logion/k0/governance/status/OC_DOMAIN_PROJECTION_COMPLETION_latest.json; formal/OCContinuous/Basic.lean,"Depends on 034 queue control, 033 row identity, 031/032 evidence ceilings, source chapter, and OCContinuous formal gate.",chapter_sha256=57c07058375622455a8e759fd41978b674b63ce95a618c9f0d40d3bff40c33b7; trace_count=7; boundary_sentence_count=4.,0,1,"Run a K5 social packet: social-network or coordination dataset, boundary/operator labels, perturbation history, falsifiers, and replication script.",2026-05-22T11:58:14.340328+00:00
OC35-PACKET-DOMAIN-CHAPTER-DOMAIN-PROJECTIONS-007-K6-INSTITUTIONS,OC33-DOMAIN-CHAPTER-DOMAIN-PROJECTIONS-007-K6-INSTITUTIONS,12,domain_projection_chapter,K6 Institutional Projection,FORMALLY_PROVED_NONEMPIRICAL_PROJECTION,FORMAL_PROJECTION_ONLY_UNTIL_CHAPTER_LOCAL_EMPIRICAL_PACKET_EXISTS,"K6 Institutional Projection is closed as a source-bound formal projection discipline, not as empirical domain proof.","K6 Institutional Projection | K6 treats institutions as systems of boundaries, roles, records, and repeatable operators rather than as persons, machines, or biological organisms. | A hospital sends a case note that does not fit the agency's standing categories. A legal adviser warns that the agency cannot publish a named classification before the evidential threshold is met.","If a K-domain chapter supplies source-bound vocabulary mapping, domain observables, a non-replacement boundary, and falsifier discipline, but lacks chapter-level dataset/replay evidence, then it is proved only as a formal/nonempirical projection.","rules, offices, procedures, enforcement records, compliance metrics, legitimacy signals, bottlenecks, and policy outcomes","legal authority, resource budgets, accountability, procedural deadlines, legitimacy, public trust, and enforcement capacity","rule-making, auditing, sanctioning, adjudication, budgeting, delegation, escalation, and reform","institutional function must be tied to procedures and records, not abstract authority language alone",fails if institutional outcomes do not vary with the named rule/operator/boundary assignments,No coarse 031/032 empirical row directly promotes this chapter-level projection.,logion/k7/release_missions/oc_core_current/packages/oc_core_1_4/022/public_payload/chapter_sources/master_monograph/chapter_K6_Institutional_Projection.md; logion/k7/release_missions/oc_core_current/packages/oc_core_1_4/022/public_payload/chapter_sources/CHAPTER_SOURCE_INDEX.json; logion/k7/release_missions/oc_core_current/packages/oc_core_1_4/017/narrative_projection/MANUSCRIPT_FINAL_READER_TEXT_017.json; logion/k7/release_missions/oc_core_current/packages/oc_core_1_4/034/sequential_evidence_packet_closure/oc_sequential_evidence_packet_closure_034.sqlite; logion/k7/release_missions/oc_core_current/packages/oc_core_1_4/033/full_empirical_theory_expansion/oc_full_empirical_theory_expansion_033.sqlite; logion/k7/release_missions/oc_core_current/packages/oc_core_1_4/032/empirical_crown_domain_closure/oc_empirical_crown_domain_closure_032.sqlite; logion/k7/release_missions/oc_core_current/packages/oc_core_1_4/031/evidence_operationalization/oc_evidence_operationalization_031.sqlite; logion/k0/governance/status/DOMAIN_REPLAY_REPORTS_latest.json; logion/k0/governance/status/EMPIRICAL_DOMAIN_VALIDATION_MATRIX_latest.json; logion/k0/governance/status/OC_DOMAIN_PROJECTION_COMPLETION_latest.json; formal/OCContinuous/Basic.lean,"Depends on 034 queue control, 033 row identity, 031/032 evidence ceilings, source chapter, and OCContinuous formal gate.",chapter_sha256=a81ae9462fa44ffe3dc4a2fead7abb90b2131f4d5778112496a9721a8414f878; trace_count=5; boundary_sentence_count=4.,0,1,"Run a K6 institutions packet: source-bound policy/process dataset, procedure traces, compliance/failure metrics, and independent audit replay.",2026-05-22T11:58:14.340328+00:00
OC35-PACKET-DOMAIN-CHAPTER-DOMAIN-PROJECTIONS-008-K7-CIVILIZATION,OC33-DOMAIN-CHAPTER-DOMAIN-PROJECTIONS-008-K7-CIVILIZATION,13,domain_projection_chapter,K7 Civilizational Projection,FORMALLY_PROVED_NONEMPIRICAL_PROJECTION,FORMAL_PROJECTION_ONLY_UNTIL_CHAPTER_LOCAL_EMPIRICAL_PACKET_EXISTS,"K7 Civilizational Projection is closed as a source-bound formal projection discipline, not as empirical domain proof.","K7 Civilizational Projection | Civilization is treated as a durable arrangement of people, institutions, material systems, memories, rules, and expectations rather than as a single object or spirit. | The word does not imply smoothness, harmony, or unity. It is any distinction that allows a system to say: this counts, this does not; this person belongs, this person is foreign; this record is valid, this rumor is not; this cargo may enter, this cargo must wait; this office has authority, this private interest must yield.","If a K-domain chapter supplies source-bound vocabulary mapping, domain observables, a non-replacement boundary, and falsifier discipline, but lacks chapter-level dataset/replay evidence, then it is proved only as a formal/nonempirical projection.","energy, logistics, infrastructure, population, institutions, knowledge systems, ecological load, conflict, and resilience indicators","resource limits, infrastructure coupling, coordination capacity, ecological pressure, legitimacy, technological capacity, and external shocks","integration, extraction, transport, governance, repair, standardization, expansion, fragmentation, and collapse response",civilizational projection must keep domain evidence local and cannot claim historical inevitability from OC vocabulary,fails if historical/social-science explanation accounts for outcomes without the proposed OC variables or if variables cannot be operationalized,"Coarse domain lane SYSTEMS_CIVILIZATIONAL_PROJECTION: replay=PASS_REPLAYABLE, validation=PASS, cases=30; this supports only the coarse domain ceiling and does not by itself prove the chapter-level claim.",logion/k7/release_missions/oc_core_current/packages/oc_core_1_4/022/public_payload/chapter_sources/master_monograph/chapter_K7_Civilizational_Projection.md; logion/k7/release_missions/oc_core_current/packages/oc_core_1_4/022/public_payload/chapter_sources/CHAPTER_SOURCE_INDEX.json; logion/k7/release_missions/oc_core_current/packages/oc_core_1_4/017/narrative_projection/MANUSCRIPT_FINAL_READER_TEXT_017.json; logion/k7/release_missions/oc_core_current/packages/oc_core_1_4/034/sequential_evidence_packet_closure/oc_sequential_evidence_packet_closure_034.sqlite; logion/k7/release_missions/oc_core_current/packages/oc_core_1_4/033/full_empirical_theory_expansion/oc_full_empirical_theory_expansion_033.sqlite; logion/k7/release_missions/oc_core_current/packages/oc_core_1_4/032/empirical_crown_domain_closure/oc_empirical_crown_domain_closure_032.sqlite; logion/k7/release_missions/oc_core_current/packages/oc_core_1_4/031/evidence_operationalization/oc_evidence_operationalization_031.sqlite; logion/k0/governance/status/DOMAIN_REPLAY_REPORTS_latest.json; logion/k0/governance/status/EMPIRICAL_DOMAIN_VALIDATION_MATRIX_latest.json; logion/k0/governance/status/OC_DOMAIN_PROJECTION_COMPLETION_latest.json; formal/OCContinuous/Basic.lean,"Depends on 034 queue control, 033 row identity, 031/032 evidence ceilings, source chapter, and OCContinuous formal gate.",chapter_sha256=db663391001749a3dd1038c12e0841336040e813f09c24de3287533ad14d068e; trace_count=8; boundary_sentence_count=4.,0,1,"Run a K7 civilization packet: explicit historical cases, indicators, countercases, replayable coding rubric, and independent replication.",2026-05-22T11:58:14.340328+00:00
OC35-PACKET-DOMAIN-CHAPTER-DOMAIN-PROJECTIONS-017-K10-META-THEORY,OC33-DOMAIN-CHAPTER-DOMAIN-PROJECTIONS-017-K10-META-THEORY,14,domain_projection_chapter,K10 Meta-Theory Projection,FORMALLY_PROVED_NONEMPIRICAL_PROJECTION,FORMAL_PROJECTION_ONLY_UNTIL_CHAPTER_LOCAL_EMPIRICAL_PACKET_EXISTS,"K10 Meta-Theory Projection is closed as a source-bound formal projection discipline, not as empirical domain proof.","K10 Meta-Theory Projection | K10 Meta Theory Projection is presented as a discipline for controlled cross-domain translation, not as proof that all domains share one substance or measurement system. | If it keeps every term tied to its birthplace, it cannot speak beyond one field. Its central hypothesis is a proposed and testable one: when a system faces a contradiction that cannot be absorbed within its present organization, the system must either open a new descriptive dimension through reorganization or move toward some form of collapse.","If a K-domain chapter supplies source-bound vocabulary mapping, domain observables, a non-replacement boundary, and falsifier discipline, but lacks chapter-level dataset/replay evidence, then it is proved only as a formal/nonempirical projection.","definitions, axioms, theorem dependencies, proof obligations, countermodels, scope notes, and article wording gates","consistency, independence, non-circularity, source binding, falsifiability, and proof dependency closure","formalization, derivation, countermodel construction, repair, demotion guard, projection, and verification",meta-theory is formal/review evidence unless it binds to external empirical data,"fails if theorem claims depend on hidden axioms, circular definitions, or unsupported article wording",No coarse 031/032 empirical row directly promotes this chapter-level projection.,logion/k7/release_missions/oc_core_current/packages/oc_core_1_4/022/public_payload/chapter_sources/master_monograph/chapter_K10_Meta-Theory_Projection.md; logion/k7/release_missions/oc_core_current/packages/oc_core_1_4/022/public_payload/chapter_sources/CHAPTER_SOURCE_INDEX.json; logion/k7/release_missions/oc_core_current/packages/oc_core_1_4/017/narrative_projection/MANUSCRIPT_FINAL_READER_TEXT_017.json; logion/k7/release_missions/oc_core_current/packages/oc_core_1_4/034/sequential_evidence_packet_closure/oc_sequential_evidence_packet_closure_034.sqlite; logion/k7/release_missions/oc_core_current/packages/oc_core_1_4/033/full_empirical_theory_expansion/oc_full_empirical_theory_expansion_033.sqlite; logion/k7/release_missions/oc_core_current/packages/oc_core_1_4/032/empirical_crown_domain_closure/oc_empirical_crown_domain_closure_032.sqlite; logion/k7/release_missions/oc_core_current/packages/oc_core_1_4/031/evidence_operationalization/oc_evidence_operationalization_031.sqlite; logion/k0/governance/status/DOMAIN_REPLAY_REPORTS_latest.json; logion/k0/governance/status/EMPIRICAL_DOMAIN_VALIDATION_MATRIX_latest.json; logion/k0/governance/status/OC_DOMAIN_PROJECTION_COMPLETION_latest.json; formal/OCContinuous/Basic.lean,"Depends on 034 queue control, 033 row identity, 031/032 evidence ceilings, source chapter, and OCContinuous formal gate.",chapter_sha256=ce8add46de78964b39893040f2c35bc9c1d28f259f18059ff4e0d13e9ed3ee70; trace_count=5; boundary_sentence_count=4.,0,1,"Run a K10 meta-theory packet: formal theorem ledger, independent proof replay, countermodel set, and article boundary audit.",2026-05-22T11:58:14.340328+00:00
OC35-PACKET-DOMAIN-CHAPTER-DOMAIN-PROJECTIONS-017-K11-REFLEXIVE-SYSTEMS,OC33-DOMAIN-CHAPTER-DOMAIN-PROJECTIONS-017-K11-REFLEXIVE-SYSTEMS,15,domain_projection_chapter,K11 Reflexive Systems Projection,FORMALLY_PROVED_NONEMPIRICAL_PROJECTION,FORMAL_PROJECTION_ONLY_UNTIL_CHAPTER_LOCAL_EMPIRICAL_PACKET_EXISTS,"K11 Reflexive Systems Projection is closed as a source-bound formal projection discipline, not as empirical domain proof.","K11 Reflexive Systems Projection | A reflexive system is defined as a system in which a representation of the system or one of its states re-enters the system as an operative condition. | The sentence does not merely report a condition. In many physical settings, a measurement may disturb an object, but the object does not interpret the measurement.","If a K-domain chapter supplies source-bound vocabulary mapping, domain observables, a non-replacement boundary, and falsifier discipline, but lacks chapter-level dataset/replay evidence, then it is proved only as a formal/nonempirical projection.","self-models, monitoring loops, feedback changes, observer effects, governance decisions, audit trails, and model updates","self-reference, delayed feedback, measurement perturbation, control authority, transparency, and stability under revision","self-monitoring, self-repair, policy update, audit, escalation, recursion control, and boundary revision",reflexive claims must distinguish system state from system self-description,fails if self-model changes do not alter observable behavior or if the same explanation works without reflexive variables,No coarse 031/032 empirical row directly promotes this chapter-level projection.,logion/k7/release_missions/oc_core_current/packages/oc_core_1_4/022/public_payload/chapter_sources/master_monograph/chapter_K11_Reflexive_Systems_Projection.md; logion/k7/release_missions/oc_core_current/packages/oc_core_1_4/022/public_payload/chapter_sources/CHAPTER_SOURCE_INDEX.json; logion/k7/release_missions/oc_core_current/packages/oc_core_1_4/017/narrative_projection/MANUSCRIPT_FINAL_READER_TEXT_017.json; logion/k7/release_missions/oc_core_current/packages/oc_core_1_4/034/sequential_evidence_packet_closure/oc_sequential_evidence_packet_closure_034.sqlite; logion/k7/release_missions/oc_core_current/packages/oc_core_1_4/033/full_empirical_theory_expansion/oc_full_empirical_theory_expansion_033.sqlite; logion/k7/release_missions/oc_core_current/packages/oc_core_1_4/032/empirical_crown_domain_closure/oc_empirical_crown_domain_closure_032.sqlite; logion/k7/release_missions/oc_core_current/packages/oc_core_1_4/031/evidence_operationalization/oc_evidence_operationalization_031.sqlite; logion/k0/governance/status/DOMAIN_REPLAY_REPORTS_latest.json; logion/k0/governance/status/EMPIRICAL_DOMAIN_VALIDATION_MATRIX_latest.json; logion/k0/governance/status/OC_DOMAIN_PROJECTION_COMPLETION_latest.json; formal/OCContinuous/Basic.lean,"Depends on 034 queue control, 033 row identity, 031/032 evidence ceilings, source chapter, and OCContinuous formal gate.",chapter_sha256=5259ddc20a5f0aaab954fd3be77c0b2e230857d5ccafe1af43ca753aa4dc5d3e; trace_count=10; boundary_sentence_count=4.,0,1,"Run a K11 reflexive systems packet: self-monitoring system logs, intervention protocol, pre/post behavior metrics, and replay.",2026-05-22T11:58:14.340328+00:00
OC35-PACKET-DOMAIN-CHAPTER-DOMAIN-PROJECTIONS-017-K12-GRAND-SYNTHESIS,OC33-DOMAIN-CHAPTER-DOMAIN-PROJECTIONS-017-K12-GRAND-SYNTHESIS,16,domain_projection_chapter,K12 Grand Synthesis Projection,FORMALLY_PROVED_NONEMPIRICAL_PROJECTION,FORMAL_PROJECTION_ONLY_UNTIL_CHAPTER_LOCAL_EMPIRICAL_PACKET_EXISTS,"K12 Grand Synthesis Projection is closed as a source-bound formal projection discipline, not as empirical domain proof.","K12 Grand Synthesis Projection | A grand synthesis projection compares domains by structural role rather than by assuming one shared metric. | A stronger synthesis keeps the differences in view and asks a more exacting question: when a system is under pressure, what varies, what constrains variation, what transforms the situation, and what incompatibility cannot be resolved inside the present form? It does not say who feels entitled to remain, who expects others to leave, who has credit, who has kin nearby, or who believes the old social order is already gone.","If a K-domain chapter supplies source-bound vocabulary mapping, domain observables, a non-replacement boundary, and falsifier discipline, but lacks chapter-level dataset/replay evidence, then it is proved only as a formal/nonempirical projection.","claim graph, evidence graph, domain packet states, dependency edges, blockers, article permissions, and contradiction records","no overpromotion, source traceability, dependency closure, evidence ceiling, replication, and reviewer attack handling","integration, rollup, contradiction routing, repair, projection, rejection, and article gating",grand synthesis cannot exceed the weakest open dependency in its graph,fails if any promoted conclusion outruns its evidence ledger or if a dependency is refuted/open,No coarse 031/032 empirical row directly promotes this chapter-level projection.,logion/k7/release_missions/oc_core_current/packages/oc_core_1_4/022/public_payload/chapter_sources/master_monograph/chapter_K12_Grand_Synthesis_Projection.md; logion/k7/release_missions/oc_core_current/packages/oc_core_1_4/022/public_payload/chapter_sources/CHAPTER_SOURCE_INDEX.json; logion/k7/release_missions/oc_core_current/packages/oc_core_1_4/017/narrative_projection/MANUSCRIPT_FINAL_READER_TEXT_017.json; logion/k7/release_missions/oc_core_current/packages/oc_core_1_4/034/sequential_evidence_packet_closure/oc_sequential_evidence_packet_closure_034.sqlite; logion/k7/release_missions/oc_core_current/packages/oc_core_1_4/033/full_empirical_theory_expansion/oc_full_empirical_theory_expansion_033.sqlite; logion/k7/release_missions/oc_core_current/packages/oc_core_1_4/032/empirical_crown_domain_closure/oc_empirical_crown_domain_closure_032.sqlite; logion/k7/release_missions/oc_core_current/packages/oc_core_1_4/031/evidence_operationalization/oc_evidence_operationalization_031.sqlite; logion/k0/governance/status/DOMAIN_REPLAY_REPORTS_latest.json; logion/k0/governance/status/EMPIRICAL_DOMAIN_VALIDATION_MATRIX_latest.json; logion/k0/governance/status/OC_DOMAIN_PROJECTION_COMPLETION_latest.json; formal/OCContinuous/Basic.lean,"Depends on 034 queue control, 033 row identity, 031/032 evidence ceilings, source chapter, and OCContinuous formal gate.",chapter_sha256=ab9c710bab84a2da7e73c31272ca8cb3594dfd538169b3bcd7352ece9e7864ac; trace_count=8; boundary_sentence_count=4.,0,1,"Run a K12 synthesis packet: full graph validator, independent replay of all domain/crown packets, and article wording proof.",2026-05-22T11:58:14.340328+00:00
OC35-PACKET-DOMAIN-CHAPTER-DOMAIN-PROJECTIONS-017-K8-TECHNOLOGY,OC33-DOMAIN-CHAPTER-DOMAIN-PROJECTIONS-017-K8-TECHNOLOGY,17,domain_projection_chapter,K8 Technological Projection,FORMALLY_PROVED_NONEMPIRICAL_PROJECTION,FORMAL_PROJECTION_ONLY_UNTIL_CHAPTER_LOCAL_EMPIRICAL_PACKET_EXISTS,"K8 Technological Projection is closed as a source-bound formal projection discipline, not as empirical domain proof.","K8 Technological Projection | K8 treats technology as delegated continuity carried by operator-bearing arrangements across time, boundary, and medium. | The answer cannot be that all technologies are simply tools, because tools differ too much. It cannot be that they are all machines, because some technological arrangements are procedures, codes, access systems, or trained models.","If a K-domain chapter supplies source-bound vocabulary mapping, domain observables, a non-replacement boundary, and falsifier discipline, but lacks chapter-level dataset/replay evidence, then it is proved only as a formal/nonempirical projection.","artifacts, protocols, users, performance metrics, error modes, maintenance logs, dependencies, and delegated operations","specification, safety margin, interface boundary, resource limits, user behavior, environment, regulation, and failure tolerance","delegation, automation, repair, update, calibration, routing, monitoring, fallback, and decommissioning","technical claims must preserve engineering evidence and cannot replace certification, tests, or domain standards","fails if the named operation/boundary does not affect performance, safety, failure, or maintenance outcomes",No coarse 031/032 empirical row directly promotes this chapter-level projection.,logion/k7/release_missions/oc_core_current/packages/oc_core_1_4/022/public_payload/chapter_sources/master_monograph/chapter_K8_Technological_Projection.md; logion/k7/release_missions/oc_core_current/packages/oc_core_1_4/022/public_payload/chapter_sources/CHAPTER_SOURCE_INDEX.json; logion/k7/release_missions/oc_core_current/packages/oc_core_1_4/017/narrative_projection/MANUSCRIPT_FINAL_READER_TEXT_017.json; logion/k7/release_missions/oc_core_current/packages/oc_core_1_4/034/sequential_evidence_packet_closure/oc_sequential_evidence_packet_closure_034.sqlite; logion/k7/release_missions/oc_core_current/packages/oc_core_1_4/033/full_empirical_theory_expansion/oc_full_empirical_theory_expansion_033.sqlite; logion/k7/release_missions/oc_core_current/packages/oc_core_1_4/032/empirical_crown_domain_closure/oc_empirical_crown_domain_closure_032.sqlite; logion/k7/release_missions/oc_core_current/packages/oc_core_1_4/031/evidence_operationalization/oc_evidence_operationalization_031.sqlite; logion/k0/governance/status/DOMAIN_REPLAY_REPORTS_latest.json; logion/k0/governance/status/EMPIRICAL_DOMAIN_VALIDATION_MATRIX_latest.json; logion/k0/governance/status/OC_DOMAIN_PROJECTION_COMPLETION_latest.json; formal/OCContinuous/Basic.lean,"Depends on 034 queue control, 033 row identity, 031/032 evidence ceilings, source chapter, and OCContinuous formal gate.",chapter_sha256=3509977b81d1a05cbafc88318b458dbdef5f969f8789e6c81347071d97969b57; trace_count=6; boundary_sentence_count=4.,0,1,"Run a K8 technology packet: artifact benchmark, logs/test cases, failure modes, acceptance thresholds, and reproducible replay.",2026-05-22T11:58:14.340328+00:00
OC35-PACKET-DOMAIN-CHAPTER-DOMAIN-PROJECTIONS-017-K9-AI-SYSTEMS,OC33-DOMAIN-CHAPTER-DOMAIN-PROJECTIONS-017-K9-AI-SYSTEMS,18,domain_projection_chapter,K9 AI-System Projection,FORMALLY_PROVED_NONEMPIRICAL_PROJECTION,FORMAL_PROJECTION_ONLY_UNTIL_CHAPTER_LOCAL_EMPIRICAL_PACKET_EXISTS,"K9 AI-System Projection is closed as a source-bound formal projection discipline, not as empirical domain proof.","K9 AI-System Projection | K9 treats an AI system as an operational configuration that includes model, context, channels, controls, feedback, users, and institutional review where relevant. | This wider view does not make the AI system mysterious. Modern AI systems are not Hebbian organisms, and K9 does not say they are.","If a K-domain chapter supplies source-bound vocabulary mapping, domain observables, a non-replacement boundary, and falsifier discipline, but lacks chapter-level dataset/replay evidence, then it is proved only as a formal/nonempirical projection.","inputs, outputs, loss/error metrics, calibration, uncertainty, prompts, policies, tools, memory, evaluations, and incident traces","training distribution, context window, tool permissions, policy boundary, latency, dataset bias, evaluation protocol, and deployment environment","classification, generation, retrieval, planning, tool call, calibration, refusal, repair, fine-tuning, and monitoring",AI projection must remain bound to evals and traces; OC cannot certify model behavior without tests,fails if evaluations show no difference under the named OC variables or if the mapping hides model-specific mechanisms,No coarse 031/032 empirical row directly promotes this chapter-level projection.,logion/k7/release_missions/oc_core_current/packages/oc_core_1_4/022/public_payload/chapter_sources/master_monograph/chapter_K9_AI-System_Projection.md; logion/k7/release_missions/oc_core_current/packages/oc_core_1_4/022/public_payload/chapter_sources/CHAPTER_SOURCE_INDEX.json; logion/k7/release_missions/oc_core_current/packages/oc_core_1_4/017/narrative_projection/MANUSCRIPT_FINAL_READER_TEXT_017.json; logion/k7/release_missions/oc_core_current/packages/oc_core_1_4/034/sequential_evidence_packet_closure/oc_sequential_evidence_packet_closure_034.sqlite; logion/k7/release_missions/oc_core_current/packages/oc_core_1_4/033/full_empirical_theory_expansion/oc_full_empirical_theory_expansion_033.sqlite; logion/k7/release_missions/oc_core_current/packages/oc_core_1_4/032/empirical_crown_domain_closure/oc_empirical_crown_domain_closure_032.sqlite; logion/k7/release_missions/oc_core_current/packages/oc_core_1_4/031/evidence_operationalization/oc_evidence_operationalization_031.sqlite; logion/k0/governance/status/DOMAIN_REPLAY_REPORTS_latest.json; logion/k0/governance/status/EMPIRICAL_DOMAIN_VALIDATION_MATRIX_latest.json; logion/k0/governance/status/OC_DOMAIN_PROJECTION_COMPLETION_latest.json; formal/OCContinuous/Basic.lean,"Depends on 034 queue control, 033 row identity, 031/032 evidence ceilings, source chapter, and OCContinuous formal gate.",chapter_sha256=507b9bf5c5654ebee6e4b0178b922fb5e1b7938356d548f98b4c67c2ccac68c2; trace_count=5; boundary_sentence_count=4.,0,1,"Run a K9 AI packet: eval suite, held-out tasks, tool/policy perturbations, error taxonomy, replay scripts, and acceptance gates.",2026-05-22T11:58:14.340328+00:00
OC35-PACKET-CROWN-NAMED-INVENTORY,OC33-CROWN-NAMED-INVENTORY-GAP,21,crown_inventory,Named Crown Stone Inventory,REQUIRES_NEW_LOCAL_DATA,NO_NAMED_CROWN_PROMOTION_WITHOUT_PER_STONE_THEOREM_CHAIN,"Named Crown Stones are inventoried, but not proved as crown-stones.",Crown registry has 7 named rows; all registry rows are partial maturity and therefore do not close named crown-stone theorem chains.,"A named crown-stone is proved only when the named source statement, theorem chain, no-refuted-dependency check, falsifier, and local evidence-if-empirical all close for that stone.","stone_id, title, source_path, maturity_level, computable flag, validation flag, preprint flag, trace links","partial maturity, source trace completeness, theorem-chain closure, local evidence if empirical, no hidden refuted dependency","inventory, source recovery, theorem-chain construction, counterproof guard, evidence binding, article gating",registry existence is not theorem proof; source-bound partial stones remain below crown-stone promotion,"a stone fails promotion if its theorem chain is missing, refuted, circular, or unsupported by required evidence",Registry rows are replayable as inventory; theorem-chain replay remains unbuilt per stone.,logion/k0/governance/registries/CROWN_STONE_REGISTRY_v0_1.ndjson; logion/k7/release_missions/oc_core_current/packages/oc_core_1_4/033/full_empirical_theory_expansion/oc_full_empirical_theory_expansion_033.sqlite; logion/k7/release_missions/oc_core_current/packages/oc_core_1_4/032/empirical_crown_domain_closure/oc_empirical_crown_domain_closure_032.sqlite; formal/OCContinuous/Basic.lean,Depends on Crown registry plus 032/033 crown overpromotion guards.,named_crown_registry_rows=7; maturity_levels=['partial'].,0,1,Build one theorem-chain/evidence packet for each registry stone before any positive crown-stone wording.,2026-05-22T11:58:14.340328+00:00
OC35-PACKET-EMPIRICAL-ATTACK-RESPONSE-COVERAGE,OC33-EMPIRICAL-ATTACK-RESPONSE-COVERAGE,22,empirical_attack_response_gate,Empirical Attack Response Coverage,REQUIRES_NEW_LOCAL_DATA,NO_FULL_EMPIRICAL_WORDING_WITHOUT_ATTACK_RESPONSE_BINDING,Empirical attack-response units are inventoried but not yet closed against domain/crown evidence rows.,42 empirical attack-response source units exist and require row-level evidence/counterevidence mapping.,"Full empirical wording requires every empirical attack-response unit to map to a domain packet, crown packet, repaired counterevidence, or explicit exclusion.","attack unit id, source text, target artifact, source hash, detected target domain/family, mapped evidence row, response status",no attack unit may be ignored; mapping must preserve source hash and must not promote a response beyond evidence,"inventory, classify, map-to-evidence, map-to-counterevidence, repair, exclude, verify",attack-response coverage is not empirical proof until each unit is bound to evidence or counterevidence,"a missing, unmapped, or overpromoted empirical attack unit blocks full empirical closeout",The 42 source JSON units are replayable inventory; evidence response replay remains open.,logion/k7/release_missions/oc_core_current/packages/oc_core_1_4/006/language_sources/units; logion/k7/release_missions/oc_core_current/packages/oc_core_1_4/033/full_empirical_theory_expansion/oc_full_empirical_theory_expansion_033.sqlite; formal/OCContinuous/Basic.lean,"Depends on 033 attack gate, source attack corpus, and future row-level evidence/counterevidence mapping.",attack_response_file_total=42.,0,1,"Map each empirical attack-response unit to accepted evidence, counterevidence, repaired wording, or explicit exclusion.",2026-05-22T11:58:14.340328+00:00
OC35-PACKET-FULL-EMPIRICAL-ARTICLE-GATE,OC33-ARTICLE-FULL-EMPIRICAL-CLOSEOUT-GATE,23,article_gate,Full Empirical Article Closeout Gate,REQUIRES_NEW_LOCAL_DATA,FULL_EMPIRICAL_CLOSEOUT_FORBIDDEN_WHILE_EMPIRICAL_UPGRADES_ARE_OPEN,Full empirical article wording remains blocked.,Full empirical theory wording is allowed only when no packet or empirical upgrade requirement remains open.,"Full empirical closeout is permitted iff packet_open_rows = 0, empirical_upgrade_open_rows = 0, and promoted rows are sound.","packet statuses, empirical upgrade statuses, crown theorem-chain status, attack-response mapping status, article wording gates",all dependencies must close; no nonempirical projection may be called empirical; no open attack/crown row may be hidden,"count open rows, validate promoted rows, reject overpromotion, update article boundary",article wording cannot exceed DB evidence state,any open upgrade requirement or missing artifact blocks full empirical closeout,035 validator is the replay gate for article wording.,OC_CONTINUOUS_EVIDENCE_PACKET_ARTICLE_BOUNDARY_035.md; logion/k7/release_missions/oc_core_current/packages/oc_core_1_4/033/full_empirical_theory_expansion/oc_full_empirical_theory_expansion_033.sqlite; logion/k7/release_missions/oc_core_current/packages/oc_core_1_4/034/sequential_evidence_packet_closure/oc_sequential_evidence_packet_closure_034.sqlite; formal/python/validate_035.py; formal/OCContinuous/Basic.lean,Depends on every 035 packet and empirical upgrade requirement.,This gate intentionally remains open while 035 empirical upgrade requirements are open.,0,1,"Close all empirical upgrade requirements, then rerun 035 validator and article boundary audit.",2026-05-22T11:58:14.340328+00:00
