row_id,ordinal,obligation_kind,source_obligation_id,target_id,status,acquisition_status,dataset_refs,required_packet,promotion_rule,artifact_refs,updated_at
OC39-FOLLOWUP-OC36-K1-SC05-FORMOSE-RAF-LOCAL-DATA-GAP,1,carried_followup,OC36-K1-SC05-FORMOSE-RAF-LOCAL-DATA-GAP,K1 Chemistry,ACTIVE_DATA_ACQUISITION_REQUIRED,ACTIVE_DATA_ACQUISITION_REQUIRED,K1_FORMOSE_RAF_PUBLIC_DATASET,"Build K1 formose/RAF packet: reaction graph, rates/yields, condition grid, product distribution, held-out conditions, replay script, thresholds.","Empirical promotion requires replay script, acceptance thresholds, falsifier, dependency closure, and verification.",DATASET_MANIFEST_039.json,2026-05-22T13:32:17.011721+00:00
OC39-FOLLOWUP-OC37-K2-SC05-WOUND-BIOFILM-HOMEOSTASIS-LOCAL-DATA-GAP,2,carried_followup,OC37-K2-SC05-WOUND-BIOFILM-HOMEOSTASIS-LOCAL-DATA-GAP,K2 Biology,ACTIVE_DATA_ACQUISITION_REQUIRED,SEED_ACQUIRED_REPLAY_REQUIRED,K2_GSE241132_WOUND_MATRIX; K2_GSE28914_WOUND_MATRIX; K2_GSE50425_WOUND_MATRIX,"Build K2 comparative packet: wound, biofilm, and homeostasis cases with observables, perturbation outcomes, replay cases, and failure contrasts.","Empirical promotion requires replay script, acceptance thresholds, falsifier, dependency closure, and verification.",DATASET_MANIFEST_039.json,2026-05-22T13:32:17.011721+00:00
OC39-FOLLOWUP-OC38-K3-SC05-AMBIGUOUS-SENTENCE-LOCAL-DATA-GAP,3,carried_followup,OC38-K3-SC05-AMBIGUOUS-SENTENCE-LOCAL-DATA-GAP,K3 Cognition,ACTIVE_DATA_ACQUISITION_REQUIRED,SEED_ACQUIRED_REPLAY_REQUIRED,K3_NATURAL_STORIES_READING_TIMES,"Build K3 ambiguous-sentence packet: stimuli, noise/context manipulation, reaction time, responses/errors, revision-vs-collapse labels, replay script, thresholds.","Empirical promotion requires replay script, acceptance thresholds, falsifier, dependency closure, and verification.",DATASET_MANIFEST_039.json,2026-05-22T13:32:17.011721+00:00
OC39-FOLLOWUP-OC38-K3-SC06-ROADSIDE-PERCEPTION-LOCAL-DATA-GAP,4,carried_followup,OC38-K3-SC06-ROADSIDE-PERCEPTION-LOCAL-DATA-GAP,K3 Cognition,ACTIVE_DATA_ACQUISITION_REQUIRED,SEED_ACQUIRED_REPLAY_REQUIRED,K3_NATURAL_STORIES_READING_TIMES,"Build K3 roadside perception packet: ambiguous visual stimuli, cue changes, action-readiness response, timing/errors, replay script, thresholds.","Empirical promotion requires replay script, acceptance thresholds, falsifier, dependency closure, and verification.",DATASET_MANIFEST_039.json,2026-05-22T13:32:17.011721+00:00
OC39-QUEUE-OC35-EMPIRICAL-UPGRADE-DOMAIN-PROJECTIONS-005-K4-AGENCY,5,domain_chapter_empirical_upgrade,OC35-EMPIRICAL-UPGRADE-DOMAIN-PROJECTIONS-005-K4-AGENCY,K4 Agency Projection,ACTIVE_DATA_ACQUISITION_REQUIRED,NO_SEED_BOUND_YET,,"Run a K4 agency packet: decision tasks with observable constraints, interventions on options/resources, preregistered outcome criteria, and replay.",Local empirical packet required before promotion.,logion/k7/release_missions/oc_core_current/packages/oc_core_1_4/022/public_payload/chapter_sources/master_monograph/chapter_K4_Agency_Projection.md; logion/k7/release_missions/oc_core_current/packages/oc_core_1_4/022/public_payload/chapter_sources/CHAPTER_SOURCE_INDEX.json; logion/k7/release_missions/oc_core_current/packages/oc_core_1_4/017/narrative_projection/MANUSCRIPT_FINAL_READER_TEXT_017.json; logion/k7/release_missions/oc_core_current/packages/oc_core_1_4/034/sequential_evidence_packet_closure/oc_sequential_evidence_packet_closure_034.sqlite; logion/k7/release_missions/oc_core_current/packages/oc_core_1_4/033/full_empirical_theory_expansion/oc_full_empirical_theory_expansion_033.sqlite; logion/k7/release_missions/oc_core_current/packages/oc_core_1_4/032/empirical_crown_domain_closure/oc_empirical_crown_domain_closure_032.sqlite; logion/k7/release_missions/oc_core_current/packages/oc_core_1_4/031/evidence_operationalization/oc_evidence_operationalization_031.sqlite; logion/k0/governance/status/DOMAIN_REPLAY_REPORTS_latest.json; logion/k0/governance/status/EMPIRICAL_DOMAIN_VALIDATION_MATRIX_latest.json; logion/k0/governance/status/OC_DOMAIN_PROJECTION_COMPLETION_latest.json; formal/OCContinuous/Basic.lean; DATASET_MANIFEST_039.json,2026-05-22T13:32:17.011721+00:00
OC39-QUEUE-OC35-EMPIRICAL-UPGRADE-DOMAIN-PROJECTIONS-006-K5-SOCIAL,6,domain_chapter_empirical_upgrade,OC35-EMPIRICAL-UPGRADE-DOMAIN-PROJECTIONS-006-K5-SOCIAL,K5 Social Projection,ACTIVE_DATA_ACQUISITION_REQUIRED,NO_SEED_BOUND_YET,,"Run a K5 social packet: social-network or coordination dataset, boundary/operator labels, perturbation history, falsifiers, and replication script.",Local empirical packet required before promotion.,logion/k7/release_missions/oc_core_current/packages/oc_core_1_4/022/public_payload/chapter_sources/master_monograph/chapter_K5_Social_Projection.md; logion/k7/release_missions/oc_core_current/packages/oc_core_1_4/022/public_payload/chapter_sources/CHAPTER_SOURCE_INDEX.json; logion/k7/release_missions/oc_core_current/packages/oc_core_1_4/017/narrative_projection/MANUSCRIPT_FINAL_READER_TEXT_017.json; logion/k7/release_missions/oc_core_current/packages/oc_core_1_4/034/sequential_evidence_packet_closure/oc_sequential_evidence_packet_closure_034.sqlite; logion/k7/release_missions/oc_core_current/packages/oc_core_1_4/033/full_empirical_theory_expansion/oc_full_empirical_theory_expansion_033.sqlite; logion/k7/release_missions/oc_core_current/packages/oc_core_1_4/032/empirical_crown_domain_closure/oc_empirical_crown_domain_closure_032.sqlite; logion/k7/release_missions/oc_core_current/packages/oc_core_1_4/031/evidence_operationalization/oc_evidence_operationalization_031.sqlite; logion/k0/governance/status/DOMAIN_REPLAY_REPORTS_latest.json; logion/k0/governance/status/EMPIRICAL_DOMAIN_VALIDATION_MATRIX_latest.json; logion/k0/governance/status/OC_DOMAIN_PROJECTION_COMPLETION_latest.json; formal/OCContinuous/Basic.lean; DATASET_MANIFEST_039.json,2026-05-22T13:32:17.011721+00:00
OC39-QUEUE-OC35-EMPIRICAL-UPGRADE-DOMAIN-PROJECTIONS-007-K6-INSTITUTIONS,7,domain_chapter_empirical_upgrade,OC35-EMPIRICAL-UPGRADE-DOMAIN-PROJECTIONS-007-K6-INSTITUTIONS,K6 Institutional Projection,ACTIVE_DATA_ACQUISITION_REQUIRED,NO_SEED_BOUND_YET,,"Run a K6 institutions packet: source-bound policy/process dataset, procedure traces, compliance/failure metrics, and independent audit replay.",Local empirical packet required before promotion.,logion/k7/release_missions/oc_core_current/packages/oc_core_1_4/022/public_payload/chapter_sources/master_monograph/chapter_K6_Institutional_Projection.md; logion/k7/release_missions/oc_core_current/packages/oc_core_1_4/022/public_payload/chapter_sources/CHAPTER_SOURCE_INDEX.json; logion/k7/release_missions/oc_core_current/packages/oc_core_1_4/017/narrative_projection/MANUSCRIPT_FINAL_READER_TEXT_017.json; logion/k7/release_missions/oc_core_current/packages/oc_core_1_4/034/sequential_evidence_packet_closure/oc_sequential_evidence_packet_closure_034.sqlite; logion/k7/release_missions/oc_core_current/packages/oc_core_1_4/033/full_empirical_theory_expansion/oc_full_empirical_theory_expansion_033.sqlite; logion/k7/release_missions/oc_core_current/packages/oc_core_1_4/032/empirical_crown_domain_closure/oc_empirical_crown_domain_closure_032.sqlite; logion/k7/release_missions/oc_core_current/packages/oc_core_1_4/031/evidence_operationalization/oc_evidence_operationalization_031.sqlite; logion/k0/governance/status/DOMAIN_REPLAY_REPORTS_latest.json; logion/k0/governance/status/EMPIRICAL_DOMAIN_VALIDATION_MATRIX_latest.json; logion/k0/governance/status/OC_DOMAIN_PROJECTION_COMPLETION_latest.json; formal/OCContinuous/Basic.lean; DATASET_MANIFEST_039.json,2026-05-22T13:32:17.011721+00:00
OC39-QUEUE-OC35-EMPIRICAL-UPGRADE-DOMAIN-PROJECTIONS-008-K7-CIVILIZATION,8,domain_chapter_empirical_upgrade,OC35-EMPIRICAL-UPGRADE-DOMAIN-PROJECTIONS-008-K7-CIVILIZATION,K7 Civilizational Projection,ACTIVE_DATA_ACQUISITION_REQUIRED,NO_SEED_BOUND_YET,,"Run a K7 civilization packet: explicit historical cases, indicators, countercases, replayable coding rubric, and independent replication.",Local empirical packet required before promotion.,logion/k7/release_missions/oc_core_current/packages/oc_core_1_4/022/public_payload/chapter_sources/master_monograph/chapter_K7_Civilizational_Projection.md; logion/k7/release_missions/oc_core_current/packages/oc_core_1_4/022/public_payload/chapter_sources/CHAPTER_SOURCE_INDEX.json; logion/k7/release_missions/oc_core_current/packages/oc_core_1_4/017/narrative_projection/MANUSCRIPT_FINAL_READER_TEXT_017.json; logion/k7/release_missions/oc_core_current/packages/oc_core_1_4/034/sequential_evidence_packet_closure/oc_sequential_evidence_packet_closure_034.sqlite; logion/k7/release_missions/oc_core_current/packages/oc_core_1_4/033/full_empirical_theory_expansion/oc_full_empirical_theory_expansion_033.sqlite; logion/k7/release_missions/oc_core_current/packages/oc_core_1_4/032/empirical_crown_domain_closure/oc_empirical_crown_domain_closure_032.sqlite; logion/k7/release_missions/oc_core_current/packages/oc_core_1_4/031/evidence_operationalization/oc_evidence_operationalization_031.sqlite; logion/k0/governance/status/DOMAIN_REPLAY_REPORTS_latest.json; logion/k0/governance/status/EMPIRICAL_DOMAIN_VALIDATION_MATRIX_latest.json; logion/k0/governance/status/OC_DOMAIN_PROJECTION_COMPLETION_latest.json; formal/OCContinuous/Basic.lean; DATASET_MANIFEST_039.json,2026-05-22T13:32:17.011721+00:00
OC39-QUEUE-OC35-EMPIRICAL-UPGRADE-DOMAIN-PROJECTIONS-017-K10-META-THEORY,9,domain_chapter_empirical_upgrade,OC35-EMPIRICAL-UPGRADE-DOMAIN-PROJECTIONS-017-K10-META-THEORY,K10 Meta-Theory Projection,ACTIVE_DATA_ACQUISITION_REQUIRED,ACTIVE_DATA_ACQUISITION_REQUIRED,K1_FORMOSE_RAF_PUBLIC_DATASET,"Run a K10 meta-theory packet: formal theorem ledger, independent proof replay, countermodel set, and article boundary audit.",Formal replay and graph-wide dependency closure required before promotion.,logion/k7/release_missions/oc_core_current/packages/oc_core_1_4/022/public_payload/chapter_sources/master_monograph/chapter_K10_Meta-Theory_Projection.md; logion/k7/release_missions/oc_core_current/packages/oc_core_1_4/022/public_payload/chapter_sources/CHAPTER_SOURCE_INDEX.json; logion/k7/release_missions/oc_core_current/packages/oc_core_1_4/017/narrative_projection/MANUSCRIPT_FINAL_READER_TEXT_017.json; logion/k7/release_missions/oc_core_current/packages/oc_core_1_4/034/sequential_evidence_packet_closure/oc_sequential_evidence_packet_closure_034.sqlite; logion/k7/release_missions/oc_core_current/packages/oc_core_1_4/033/full_empirical_theory_expansion/oc_full_empirical_theory_expansion_033.sqlite; logion/k7/release_missions/oc_core_current/packages/oc_core_1_4/032/empirical_crown_domain_closure/oc_empirical_crown_domain_closure_032.sqlite; logion/k7/release_missions/oc_core_current/packages/oc_core_1_4/031/evidence_operationalization/oc_evidence_operationalization_031.sqlite; logion/k0/governance/status/DOMAIN_REPLAY_REPORTS_latest.json; logion/k0/governance/status/EMPIRICAL_DOMAIN_VALIDATION_MATRIX_latest.json; logion/k0/governance/status/OC_DOMAIN_PROJECTION_COMPLETION_latest.json; formal/OCContinuous/Basic.lean; DATASET_MANIFEST_039.json,2026-05-22T13:32:17.011721+00:00
OC39-QUEUE-OC35-EMPIRICAL-UPGRADE-DOMAIN-PROJECTIONS-017-K11-REFLEXIVE-SYSTEMS,10,domain_chapter_empirical_upgrade,OC35-EMPIRICAL-UPGRADE-DOMAIN-PROJECTIONS-017-K11-REFLEXIVE-SYSTEMS,K11 Reflexive Systems Projection,ACTIVE_DATA_ACQUISITION_REQUIRED,ACTIVE_DATA_ACQUISITION_REQUIRED,K1_FORMOSE_RAF_PUBLIC_DATASET,"Run a K11 reflexive systems packet: self-monitoring system logs, intervention protocol, pre/post behavior metrics, and replay.",Local empirical packet required before promotion.,logion/k7/release_missions/oc_core_current/packages/oc_core_1_4/022/public_payload/chapter_sources/master_monograph/chapter_K11_Reflexive_Systems_Projection.md; logion/k7/release_missions/oc_core_current/packages/oc_core_1_4/022/public_payload/chapter_sources/CHAPTER_SOURCE_INDEX.json; logion/k7/release_missions/oc_core_current/packages/oc_core_1_4/017/narrative_projection/MANUSCRIPT_FINAL_READER_TEXT_017.json; logion/k7/release_missions/oc_core_current/packages/oc_core_1_4/034/sequential_evidence_packet_closure/oc_sequential_evidence_packet_closure_034.sqlite; logion/k7/release_missions/oc_core_current/packages/oc_core_1_4/033/full_empirical_theory_expansion/oc_full_empirical_theory_expansion_033.sqlite; logion/k7/release_missions/oc_core_current/packages/oc_core_1_4/032/empirical_crown_domain_closure/oc_empirical_crown_domain_closure_032.sqlite; logion/k7/release_missions/oc_core_current/packages/oc_core_1_4/031/evidence_operationalization/oc_evidence_operationalization_031.sqlite; logion/k0/governance/status/DOMAIN_REPLAY_REPORTS_latest.json; logion/k0/governance/status/EMPIRICAL_DOMAIN_VALIDATION_MATRIX_latest.json; logion/k0/governance/status/OC_DOMAIN_PROJECTION_COMPLETION_latest.json; formal/OCContinuous/Basic.lean; DATASET_MANIFEST_039.json,2026-05-22T13:32:17.011721+00:00
OC39-QUEUE-OC35-EMPIRICAL-UPGRADE-DOMAIN-PROJECTIONS-017-K12-GRAND-SYNTHESIS,11,domain_chapter_empirical_upgrade,OC35-EMPIRICAL-UPGRADE-DOMAIN-PROJECTIONS-017-K12-GRAND-SYNTHESIS,K12 Grand Synthesis Projection,ACTIVE_DATA_ACQUISITION_REQUIRED,ACTIVE_DATA_ACQUISITION_REQUIRED,K1_FORMOSE_RAF_PUBLIC_DATASET,"Run a K12 synthesis packet: full graph validator, independent replay of all domain/crown packets, and article wording proof.",Formal replay and graph-wide dependency closure required before promotion.,logion/k7/release_missions/oc_core_current/packages/oc_core_1_4/022/public_payload/chapter_sources/master_monograph/chapter_K12_Grand_Synthesis_Projection.md; logion/k7/release_missions/oc_core_current/packages/oc_core_1_4/022/public_payload/chapter_sources/CHAPTER_SOURCE_INDEX.json; logion/k7/release_missions/oc_core_current/packages/oc_core_1_4/017/narrative_projection/MANUSCRIPT_FINAL_READER_TEXT_017.json; logion/k7/release_missions/oc_core_current/packages/oc_core_1_4/034/sequential_evidence_packet_closure/oc_sequential_evidence_packet_closure_034.sqlite; logion/k7/release_missions/oc_core_current/packages/oc_core_1_4/033/full_empirical_theory_expansion/oc_full_empirical_theory_expansion_033.sqlite; logion/k7/release_missions/oc_core_current/packages/oc_core_1_4/032/empirical_crown_domain_closure/oc_empirical_crown_domain_closure_032.sqlite; logion/k7/release_missions/oc_core_current/packages/oc_core_1_4/031/evidence_operationalization/oc_evidence_operationalization_031.sqlite; logion/k0/governance/status/DOMAIN_REPLAY_REPORTS_latest.json; logion/k0/governance/status/EMPIRICAL_DOMAIN_VALIDATION_MATRIX_latest.json; logion/k0/governance/status/OC_DOMAIN_PROJECTION_COMPLETION_latest.json; formal/OCContinuous/Basic.lean; DATASET_MANIFEST_039.json,2026-05-22T13:32:17.011721+00:00
OC39-QUEUE-OC35-EMPIRICAL-UPGRADE-DOMAIN-PROJECTIONS-017-K8-TECHNOLOGY,12,domain_chapter_empirical_upgrade,OC35-EMPIRICAL-UPGRADE-DOMAIN-PROJECTIONS-017-K8-TECHNOLOGY,K8 Technological Projection,ACTIVE_DATA_ACQUISITION_REQUIRED,NO_SEED_BOUND_YET,,"Run a K8 technology packet: artifact benchmark, logs/test cases, failure modes, acceptance thresholds, and reproducible replay.",Local empirical packet required before promotion.,logion/k7/release_missions/oc_core_current/packages/oc_core_1_4/022/public_payload/chapter_sources/master_monograph/chapter_K8_Technological_Projection.md; logion/k7/release_missions/oc_core_current/packages/oc_core_1_4/022/public_payload/chapter_sources/CHAPTER_SOURCE_INDEX.json; logion/k7/release_missions/oc_core_current/packages/oc_core_1_4/017/narrative_projection/MANUSCRIPT_FINAL_READER_TEXT_017.json; logion/k7/release_missions/oc_core_current/packages/oc_core_1_4/034/sequential_evidence_packet_closure/oc_sequential_evidence_packet_closure_034.sqlite; logion/k7/release_missions/oc_core_current/packages/oc_core_1_4/033/full_empirical_theory_expansion/oc_full_empirical_theory_expansion_033.sqlite; logion/k7/release_missions/oc_core_current/packages/oc_core_1_4/032/empirical_crown_domain_closure/oc_empirical_crown_domain_closure_032.sqlite; logion/k7/release_missions/oc_core_current/packages/oc_core_1_4/031/evidence_operationalization/oc_evidence_operationalization_031.sqlite; logion/k0/governance/status/DOMAIN_REPLAY_REPORTS_latest.json; logion/k0/governance/status/EMPIRICAL_DOMAIN_VALIDATION_MATRIX_latest.json; logion/k0/governance/status/OC_DOMAIN_PROJECTION_COMPLETION_latest.json; formal/OCContinuous/Basic.lean; DATASET_MANIFEST_039.json,2026-05-22T13:32:17.011721+00:00
OC39-QUEUE-OC35-EMPIRICAL-UPGRADE-DOMAIN-PROJECTIONS-017-K9-AI-SYSTEMS,13,domain_chapter_empirical_upgrade,OC35-EMPIRICAL-UPGRADE-DOMAIN-PROJECTIONS-017-K9-AI-SYSTEMS,K9 AI-System Projection,ACTIVE_DATA_ACQUISITION_REQUIRED,NO_SEED_BOUND_YET,,"Run a K9 AI packet: eval suite, held-out tasks, tool/policy perturbations, error taxonomy, replay scripts, and acceptance gates.",Local empirical packet required before promotion.,logion/k7/release_missions/oc_core_current/packages/oc_core_1_4/022/public_payload/chapter_sources/master_monograph/chapter_K9_AI-System_Projection.md; logion/k7/release_missions/oc_core_current/packages/oc_core_1_4/022/public_payload/chapter_sources/CHAPTER_SOURCE_INDEX.json; logion/k7/release_missions/oc_core_current/packages/oc_core_1_4/017/narrative_projection/MANUSCRIPT_FINAL_READER_TEXT_017.json; logion/k7/release_missions/oc_core_current/packages/oc_core_1_4/034/sequential_evidence_packet_closure/oc_sequential_evidence_packet_closure_034.sqlite; logion/k7/release_missions/oc_core_current/packages/oc_core_1_4/033/full_empirical_theory_expansion/oc_full_empirical_theory_expansion_033.sqlite; logion/k7/release_missions/oc_core_current/packages/oc_core_1_4/032/empirical_crown_domain_closure/oc_empirical_crown_domain_closure_032.sqlite; logion/k7/release_missions/oc_core_current/packages/oc_core_1_4/031/evidence_operationalization/oc_evidence_operationalization_031.sqlite; logion/k0/governance/status/DOMAIN_REPLAY_REPORTS_latest.json; logion/k0/governance/status/EMPIRICAL_DOMAIN_VALIDATION_MATRIX_latest.json; logion/k0/governance/status/OC_DOMAIN_PROJECTION_COMPLETION_latest.json; formal/OCContinuous/Basic.lean; DATASET_MANIFEST_039.json,2026-05-22T13:32:17.011721+00:00
OC39-QUEUE-OC35-CROWN-THEOREM-CHAIN-DD-DESTRUCTION-DYNAMICS,14,crown_stone_theorem_chain,OC35-CROWN-THEOREM-CHAIN-DD-DESTRUCTION-DYNAMICS,DD_DESTRUCTION_DYNAMICS,ACTIVE_DATA_ACQUISITION_REQUIRED,NO_SEED_BOUND_YET,,Recover exact theorem statement for Destruction Dynamics (DD); prove chain from OC core or reject with counterproof; add falsifier and local evidence if empirical.,Recover exact theorem statement; prove theorem chain from OC core or reject with counterproof.,logion/k0/governance/registries/CROWN_STONE_REGISTRY_v0_1.ndjson; logion/k7/inbox/corona_stones_01/CANONICAL/DD Backup.md; logion/k7/inbox/corona_stones_01/NORMALIZED/CLAIM_UNITS_v0_1.md; logion/k7/inbox/corona_stones_01/INVENTORY_v0_1.json; DATASET_MANIFEST_039.json,2026-05-22T13:32:17.011721+00:00
OC39-QUEUE-OC35-CROWN-THEOREM-CHAIN-CARMA-COMPENSATORY-MECHANISMS,15,crown_stone_theorem_chain,OC35-CROWN-THEOREM-CHAIN-CARMA-COMPENSATORY-MECHANISMS,CARMA_COMPENSATORY_MECHANISMS,ACTIVE_DATA_ACQUISITION_REQUIRED,NO_SEED_BOUND_YET,,Recover exact theorem statement for Compensatory Adaptive Response Mechanisms (CARMA); prove chain from OC core or reject with counterproof; add falsifier and local evidence if empirical.,Recover exact theorem statement; prove theorem chain from OC core or reject with counterproof.,logion/k0/governance/registries/CROWN_STONE_REGISTRY_v0_1.ndjson; logion/k7/inbox/corona_stones_01/CANONICAL/CARMA Backup.md; logion/k7/inbox/corona_stones_01/NORMALIZED/CLAIM_UNITS_v0_1.md; logion/k7/inbox/corona_stones_01/INVENTORY_v0_1.json; DATASET_MANIFEST_039.json,2026-05-22T13:32:17.011721+00:00
OC39-QUEUE-OC35-CROWN-THEOREM-CHAIN-SIR-STATE-INVERSION-RECOVERY,16,crown_stone_theorem_chain,OC35-CROWN-THEOREM-CHAIN-SIR-STATE-INVERSION-RECOVERY,SIR_STATE_INVERSION_RECOVERY,ACTIVE_DATA_ACQUISITION_REQUIRED,NO_SEED_BOUND_YET,,Recover exact theorem statement for State Inversion Recovery (SIR); prove chain from OC core or reject with counterproof; add falsifier and local evidence if empirical.,Recover exact theorem statement; prove theorem chain from OC core or reject with counterproof.,logion/k0/governance/registries/CROWN_STONE_REGISTRY_v0_1.ndjson; logion/k7/inbox/corona_stones_01/CANONICAL/SIR Backup.md; logion/k7/inbox/corona_stones_01/NORMALIZED/CLAIM_UNITS_v0_1.md; logion/k7/inbox/corona_stones_01/INVENTORY_v0_1.json; DATASET_MANIFEST_039.json,2026-05-22T13:32:17.011721+00:00
OC39-QUEUE-OC35-CROWN-THEOREM-CHAIN-SMD-STABILITY-MELTDOWN-DYNAMICS,17,crown_stone_theorem_chain,OC35-CROWN-THEOREM-CHAIN-SMD-STABILITY-MELTDOWN-DYNAMICS,SMD_STABILITY_MELTDOWN_DYNAMICS,ACTIVE_DATA_ACQUISITION_REQUIRED,NO_SEED_BOUND_YET,,Recover exact theorem statement for Stability Meltdown Dynamics (SMD); prove chain from OC core or reject with counterproof; add falsifier and local evidence if empirical.,Recover exact theorem statement; prove theorem chain from OC core or reject with counterproof.,logion/k0/governance/registries/CROWN_STONE_REGISTRY_v0_1.ndjson; logion/k7/inbox/corona_stones_01/CANONICAL/SMD Backup.md; logion/k7/inbox/corona_stones_01/NORMALIZED/CLAIM_UNITS_v0_1.md; logion/k7/inbox/corona_stones_01/INVENTORY_v0_1.json; DATASET_MANIFEST_039.json,2026-05-22T13:32:17.011721+00:00
OC39-QUEUE-OC35-CROWN-THEOREM-CHAIN-LIFE-LIFECYCLE-INTEGRITY-FEEDBACK,18,crown_stone_theorem_chain,OC35-CROWN-THEOREM-CHAIN-LIFE-LIFECYCLE-INTEGRITY-FEEDBACK,LIFE_LIFECYCLE_INTEGRITY_FEEDBACK,ACTIVE_DATA_ACQUISITION_REQUIRED,NO_SEED_BOUND_YET,,Recover exact theorem statement for Lifecycle Integrity Feedback (LIFE); prove chain from OC core or reject with counterproof; add falsifier and local evidence if empirical.,Recover exact theorem statement; prove theorem chain from OC core or reject with counterproof.,logion/k0/governance/registries/CROWN_STONE_REGISTRY_v0_1.ndjson; logion/k7/inbox/corona_stones_01/CANONICAL/LIFE Backup.md; logion/k7/inbox/corona_stones_01/NORMALIZED/CLAIM_UNITS_v0_1.md; logion/k7/inbox/corona_stones_01/INVENTORY_v0_1.json; DATASET_MANIFEST_039.json,2026-05-22T13:32:17.011721+00:00
OC39-QUEUE-OC35-CROWN-THEOREM-CHAIN-BRR-BOUNDARY-RESONANCE-REGULATION,19,crown_stone_theorem_chain,OC35-CROWN-THEOREM-CHAIN-BRR-BOUNDARY-RESONANCE-REGULATION,BRR_BOUNDARY_RESONANCE_REGULATION,ACTIVE_DATA_ACQUISITION_REQUIRED,NO_SEED_BOUND_YET,,Recover exact theorem statement for Boundary Resonance Regulation (BRR); prove chain from OC core or reject with counterproof; add falsifier and local evidence if empirical.,Recover exact theorem statement; prove theorem chain from OC core or reject with counterproof.,logion/k0/governance/registries/CROWN_STONE_REGISTRY_v0_1.ndjson; logion/k7/inbox/corona_stones_01/CANONICAL/BRR Backup.md; logion/k7/inbox/corona_stones_01/NORMALIZED/CLAIM_UNITS_v0_1.md; logion/k7/inbox/corona_stones_01/INVENTORY_v0_1.json; DATASET_MANIFEST_039.json,2026-05-22T13:32:17.011721+00:00
OC39-QUEUE-OC35-CROWN-THEOREM-CHAIN-UCM-UNIVERSAL-CONTINUA-MECHANISM,20,crown_stone_theorem_chain,OC35-CROWN-THEOREM-CHAIN-UCM-UNIVERSAL-CONTINUA-MECHANISM,UCM_UNIVERSAL_CONTINUA_MECHANISM,ACTIVE_DATA_ACQUISITION_REQUIRED,NO_SEED_BOUND_YET,,"Recover exact theorem statement for Universal Continua Mechanisms (UCM, derived); prove chain from OC core or reject with counterproof; add falsifier and local evidence if empirical.",Recover exact theorem statement; prove theorem chain from OC core or reject with counterproof.,logion/k0/governance/registries/CROWN_STONE_REGISTRY_v0_1.ndjson; logion/k7/inbox/corona_stones_01/CANONICAL/Unbenanntes Dokument.md; logion/k7/inbox/corona_stones_01/NORMALIZED/CLAIM_UNITS_v0_1.md; logion/k7/inbox/corona_stones_01/INVENTORY_v0_1.json; DATASET_MANIFEST_039.json,2026-05-22T13:32:17.011721+00:00
OC39-QUEUE-OC35-ATTACK-RESPONSE-MAP-REVIEWER-ATTACK-RESPONSE-MAP-EMPIRICAL-ATTACKS-ATOM-101-H50BC388114BE,21,empirical_attack_response_mapping,OC35-ATTACK-RESPONSE-MAP-REVIEWER-ATTACK-RESPONSE-MAP-EMPIRICAL-ATTACKS-ATOM-101-H50BC388114BE,reviewer_attack_response_map__empirical_attacks__atom_101__h50bc388114be,ACTIVE_DATA_ACQUISITION_REQUIRED,NO_SEED_BOUND_YET,,"Map reviewer_attack_response_map__empirical_attacks__atom_101__h50bc388114be to a domain/crown evidence row, repaired counterevidence row, or explicit nonclaim exclusion.",Local empirical packet required before promotion.,logion/k7/release_missions/oc_core_current/packages/oc_core_1_4/006/language_sources/units/reviewer_attack_response_map__empirical_attacks__atom_101__h50bc388114be.json; DATASET_MANIFEST_039.json,2026-05-22T13:32:17.011721+00:00
OC39-QUEUE-OC35-ATTACK-RESPONSE-MAP-REVIEWER-ATTACK-RESPONSE-MAP-EMPIRICAL-ATTACKS-ATOM-102-H1DE2C883E2AA,22,empirical_attack_response_mapping,OC35-ATTACK-RESPONSE-MAP-REVIEWER-ATTACK-RESPONSE-MAP-EMPIRICAL-ATTACKS-ATOM-102-H1DE2C883E2AA,reviewer_attack_response_map__empirical_attacks__atom_102__h1de2c883e2aa,ACTIVE_DATA_ACQUISITION_REQUIRED,NO_SEED_BOUND_YET,,"Map reviewer_attack_response_map__empirical_attacks__atom_102__h1de2c883e2aa to a domain/crown evidence row, repaired counterevidence row, or explicit nonclaim exclusion.",Local empirical packet required before promotion.,logion/k7/release_missions/oc_core_current/packages/oc_core_1_4/006/language_sources/units/reviewer_attack_response_map__empirical_attacks__atom_102__h1de2c883e2aa.json; DATASET_MANIFEST_039.json,2026-05-22T13:32:17.011721+00:00
OC39-QUEUE-OC35-ATTACK-RESPONSE-MAP-REVIEWER-ATTACK-RESPONSE-MAP-EMPIRICAL-ATTACKS-ATOM-103-H7C8DA88E8D20,23,empirical_attack_response_mapping,OC35-ATTACK-RESPONSE-MAP-REVIEWER-ATTACK-RESPONSE-MAP-EMPIRICAL-ATTACKS-ATOM-103-H7C8DA88E8D20,reviewer_attack_response_map__empirical_attacks__atom_103__h7c8da88e8d20,ACTIVE_DATA_ACQUISITION_REQUIRED,NO_SEED_BOUND_YET,,"Map reviewer_attack_response_map__empirical_attacks__atom_103__h7c8da88e8d20 to a domain/crown evidence row, repaired counterevidence row, or explicit nonclaim exclusion.",Local empirical packet required before promotion.,logion/k7/release_missions/oc_core_current/packages/oc_core_1_4/006/language_sources/units/reviewer_attack_response_map__empirical_attacks__atom_103__h7c8da88e8d20.json; DATASET_MANIFEST_039.json,2026-05-22T13:32:17.011721+00:00
OC39-QUEUE-OC35-ATTACK-RESPONSE-MAP-REVIEWER-ATTACK-RESPONSE-MAP-EMPIRICAL-ATTACKS-ATOM-104-HD6AA785B8EDB,24,empirical_attack_response_mapping,OC35-ATTACK-RESPONSE-MAP-REVIEWER-ATTACK-RESPONSE-MAP-EMPIRICAL-ATTACKS-ATOM-104-HD6AA785B8EDB,reviewer_attack_response_map__empirical_attacks__atom_104__hd6aa785b8edb,ACTIVE_DATA_ACQUISITION_REQUIRED,NO_SEED_BOUND_YET,,"Map reviewer_attack_response_map__empirical_attacks__atom_104__hd6aa785b8edb to a domain/crown evidence row, repaired counterevidence row, or explicit nonclaim exclusion.",Local empirical packet required before promotion.,logion/k7/release_missions/oc_core_current/packages/oc_core_1_4/006/language_sources/units/reviewer_attack_response_map__empirical_attacks__atom_104__hd6aa785b8edb.json; DATASET_MANIFEST_039.json,2026-05-22T13:32:17.011721+00:00
OC39-QUEUE-OC35-ATTACK-RESPONSE-MAP-REVIEWER-ATTACK-RESPONSE-MAP-EMPIRICAL-ATTACKS-ATOM-105-H089E5B425C5B,25,empirical_attack_response_mapping,OC35-ATTACK-RESPONSE-MAP-REVIEWER-ATTACK-RESPONSE-MAP-EMPIRICAL-ATTACKS-ATOM-105-H089E5B425C5B,reviewer_attack_response_map__empirical_attacks__atom_105__h089e5b425c5b,ACTIVE_DATA_ACQUISITION_REQUIRED,NO_SEED_BOUND_YET,,"Map reviewer_attack_response_map__empirical_attacks__atom_105__h089e5b425c5b to a domain/crown evidence row, repaired counterevidence row, or explicit nonclaim exclusion.",Local empirical packet required before promotion.,logion/k7/release_missions/oc_core_current/packages/oc_core_1_4/006/language_sources/units/reviewer_attack_response_map__empirical_attacks__atom_105__h089e5b425c5b.json; DATASET_MANIFEST_039.json,2026-05-22T13:32:17.011721+00:00
OC39-QUEUE-OC35-ATTACK-RESPONSE-MAP-REVIEWER-ATTACK-RESPONSE-MAP-EMPIRICAL-ATTACKS-ATOM-106-H5560DD98BEA1,26,empirical_attack_response_mapping,OC35-ATTACK-RESPONSE-MAP-REVIEWER-ATTACK-RESPONSE-MAP-EMPIRICAL-ATTACKS-ATOM-106-H5560DD98BEA1,reviewer_attack_response_map__empirical_attacks__atom_106__h5560dd98bea1,ACTIVE_DATA_ACQUISITION_REQUIRED,NO_SEED_BOUND_YET,,"Map reviewer_attack_response_map__empirical_attacks__atom_106__h5560dd98bea1 to a domain/crown evidence row, repaired counterevidence row, or explicit nonclaim exclusion.",Local empirical packet required before promotion.,logion/k7/release_missions/oc_core_current/packages/oc_core_1_4/006/language_sources/units/reviewer_attack_response_map__empirical_attacks__atom_106__h5560dd98bea1.json; DATASET_MANIFEST_039.json,2026-05-22T13:32:17.011721+00:00
OC39-QUEUE-OC35-ATTACK-RESPONSE-MAP-REVIEWER-ATTACK-RESPONSE-MAP-EMPIRICAL-ATTACKS-ATOM-107-H47DCE4B60763,27,empirical_attack_response_mapping,OC35-ATTACK-RESPONSE-MAP-REVIEWER-ATTACK-RESPONSE-MAP-EMPIRICAL-ATTACKS-ATOM-107-H47DCE4B60763,reviewer_attack_response_map__empirical_attacks__atom_107__h47dce4b60763,ACTIVE_DATA_ACQUISITION_REQUIRED,NO_SEED_BOUND_YET,,"Map reviewer_attack_response_map__empirical_attacks__atom_107__h47dce4b60763 to a domain/crown evidence row, repaired counterevidence row, or explicit nonclaim exclusion.",Local empirical packet required before promotion.,logion/k7/release_missions/oc_core_current/packages/oc_core_1_4/006/language_sources/units/reviewer_attack_response_map__empirical_attacks__atom_107__h47dce4b60763.json; DATASET_MANIFEST_039.json,2026-05-22T13:32:17.011721+00:00
OC39-QUEUE-OC35-ATTACK-RESPONSE-MAP-REVIEWER-ATTACK-RESPONSE-MAP-EMPIRICAL-ATTACKS-ATOM-108-H2DCD9EAAB628,28,empirical_attack_response_mapping,OC35-ATTACK-RESPONSE-MAP-REVIEWER-ATTACK-RESPONSE-MAP-EMPIRICAL-ATTACKS-ATOM-108-H2DCD9EAAB628,reviewer_attack_response_map__empirical_attacks__atom_108__h2dcd9eaab628,ACTIVE_DATA_ACQUISITION_REQUIRED,NO_SEED_BOUND_YET,,"Map reviewer_attack_response_map__empirical_attacks__atom_108__h2dcd9eaab628 to a domain/crown evidence row, repaired counterevidence row, or explicit nonclaim exclusion.",Local empirical packet required before promotion.,logion/k7/release_missions/oc_core_current/packages/oc_core_1_4/006/language_sources/units/reviewer_attack_response_map__empirical_attacks__atom_108__h2dcd9eaab628.json; DATASET_MANIFEST_039.json,2026-05-22T13:32:17.011721+00:00
OC39-QUEUE-OC35-ATTACK-RESPONSE-MAP-REVIEWER-ATTACK-RESPONSE-MAP-EMPIRICAL-ATTACKS-ATOM-109-HA6D8519CCBC7,29,empirical_attack_response_mapping,OC35-ATTACK-RESPONSE-MAP-REVIEWER-ATTACK-RESPONSE-MAP-EMPIRICAL-ATTACKS-ATOM-109-HA6D8519CCBC7,reviewer_attack_response_map__empirical_attacks__atom_109__ha6d8519ccbc7,ACTIVE_DATA_ACQUISITION_REQUIRED,NO_SEED_BOUND_YET,,"Map reviewer_attack_response_map__empirical_attacks__atom_109__ha6d8519ccbc7 to a domain/crown evidence row, repaired counterevidence row, or explicit nonclaim exclusion.",Local empirical packet required before promotion.,logion/k7/release_missions/oc_core_current/packages/oc_core_1_4/006/language_sources/units/reviewer_attack_response_map__empirical_attacks__atom_109__ha6d8519ccbc7.json; DATASET_MANIFEST_039.json,2026-05-22T13:32:17.011721+00:00
OC39-QUEUE-OC35-ATTACK-RESPONSE-MAP-REVIEWER-ATTACK-RESPONSE-MAP-EMPIRICAL-ATTACKS-ATOM-110-H5C1A2E1A5766,30,empirical_attack_response_mapping,OC35-ATTACK-RESPONSE-MAP-REVIEWER-ATTACK-RESPONSE-MAP-EMPIRICAL-ATTACKS-ATOM-110-H5C1A2E1A5766,reviewer_attack_response_map__empirical_attacks__atom_110__h5c1a2e1a5766,ACTIVE_DATA_ACQUISITION_REQUIRED,NO_SEED_BOUND_YET,,"Map reviewer_attack_response_map__empirical_attacks__atom_110__h5c1a2e1a5766 to a domain/crown evidence row, repaired counterevidence row, or explicit nonclaim exclusion.",Local empirical packet required before promotion.,logion/k7/release_missions/oc_core_current/packages/oc_core_1_4/006/language_sources/units/reviewer_attack_response_map__empirical_attacks__atom_110__h5c1a2e1a5766.json; DATASET_MANIFEST_039.json,2026-05-22T13:32:17.011721+00:00
OC39-QUEUE-OC35-ATTACK-RESPONSE-MAP-REVIEWER-ATTACK-RESPONSE-MAP-EMPIRICAL-ATTACKS-ATOM-111-H8347273118BA,31,empirical_attack_response_mapping,OC35-ATTACK-RESPONSE-MAP-REVIEWER-ATTACK-RESPONSE-MAP-EMPIRICAL-ATTACKS-ATOM-111-H8347273118BA,reviewer_attack_response_map__empirical_attacks__atom_111__h8347273118ba,ACTIVE_DATA_ACQUISITION_REQUIRED,NO_SEED_BOUND_YET,,"Map reviewer_attack_response_map__empirical_attacks__atom_111__h8347273118ba to a domain/crown evidence row, repaired counterevidence row, or explicit nonclaim exclusion.",Local empirical packet required before promotion.,logion/k7/release_missions/oc_core_current/packages/oc_core_1_4/006/language_sources/units/reviewer_attack_response_map__empirical_attacks__atom_111__h8347273118ba.json; DATASET_MANIFEST_039.json,2026-05-22T13:32:17.011721+00:00
OC39-QUEUE-OC35-ATTACK-RESPONSE-MAP-REVIEWER-ATTACK-RESPONSE-MAP-EMPIRICAL-ATTACKS-ATOM-112-H862FF7ED6E65,32,empirical_attack_response_mapping,OC35-ATTACK-RESPONSE-MAP-REVIEWER-ATTACK-RESPONSE-MAP-EMPIRICAL-ATTACKS-ATOM-112-H862FF7ED6E65,reviewer_attack_response_map__empirical_attacks__atom_112__h862ff7ed6e65,ACTIVE_DATA_ACQUISITION_REQUIRED,NO_SEED_BOUND_YET,,"Map reviewer_attack_response_map__empirical_attacks__atom_112__h862ff7ed6e65 to a domain/crown evidence row, repaired counterevidence row, or explicit nonclaim exclusion.",Local empirical packet required before promotion.,logion/k7/release_missions/oc_core_current/packages/oc_core_1_4/006/language_sources/units/reviewer_attack_response_map__empirical_attacks__atom_112__h862ff7ed6e65.json; DATASET_MANIFEST_039.json,2026-05-22T13:32:17.011721+00:00
OC39-QUEUE-OC35-ATTACK-RESPONSE-MAP-REVIEWER-ATTACK-RESPONSE-MAP-EMPIRICAL-ATTACKS-ATOM-113-H0347BEA9334B,33,empirical_attack_response_mapping,OC35-ATTACK-RESPONSE-MAP-REVIEWER-ATTACK-RESPONSE-MAP-EMPIRICAL-ATTACKS-ATOM-113-H0347BEA9334B,reviewer_attack_response_map__empirical_attacks__atom_113__h0347bea9334b,ACTIVE_DATA_ACQUISITION_REQUIRED,NO_SEED_BOUND_YET,,"Map reviewer_attack_response_map__empirical_attacks__atom_113__h0347bea9334b to a domain/crown evidence row, repaired counterevidence row, or explicit nonclaim exclusion.",Local empirical packet required before promotion.,logion/k7/release_missions/oc_core_current/packages/oc_core_1_4/006/language_sources/units/reviewer_attack_response_map__empirical_attacks__atom_113__h0347bea9334b.json; DATASET_MANIFEST_039.json,2026-05-22T13:32:17.011721+00:00
OC39-QUEUE-OC35-ATTACK-RESPONSE-MAP-REVIEWER-ATTACK-RESPONSE-MAP-EMPIRICAL-ATTACKS-ATOM-114-H5F8510C3262A,34,empirical_attack_response_mapping,OC35-ATTACK-RESPONSE-MAP-REVIEWER-ATTACK-RESPONSE-MAP-EMPIRICAL-ATTACKS-ATOM-114-H5F8510C3262A,reviewer_attack_response_map__empirical_attacks__atom_114__h5f8510c3262a,ACTIVE_DATA_ACQUISITION_REQUIRED,NO_SEED_BOUND_YET,,"Map reviewer_attack_response_map__empirical_attacks__atom_114__h5f8510c3262a to a domain/crown evidence row, repaired counterevidence row, or explicit nonclaim exclusion.",Local empirical packet required before promotion.,logion/k7/release_missions/oc_core_current/packages/oc_core_1_4/006/language_sources/units/reviewer_attack_response_map__empirical_attacks__atom_114__h5f8510c3262a.json; DATASET_MANIFEST_039.json,2026-05-22T13:32:17.011721+00:00
OC39-QUEUE-OC35-ATTACK-RESPONSE-MAP-REVIEWER-ATTACK-RESPONSE-MAP-EMPIRICAL-ATTACKS-ATOM-115-HA08ADF2CB113,35,empirical_attack_response_mapping,OC35-ATTACK-RESPONSE-MAP-REVIEWER-ATTACK-RESPONSE-MAP-EMPIRICAL-ATTACKS-ATOM-115-HA08ADF2CB113,reviewer_attack_response_map__empirical_attacks__atom_115__ha08adf2cb113,ACTIVE_DATA_ACQUISITION_REQUIRED,NO_SEED_BOUND_YET,,"Map reviewer_attack_response_map__empirical_attacks__atom_115__ha08adf2cb113 to a domain/crown evidence row, repaired counterevidence row, or explicit nonclaim exclusion.",Local empirical packet required before promotion.,logion/k7/release_missions/oc_core_current/packages/oc_core_1_4/006/language_sources/units/reviewer_attack_response_map__empirical_attacks__atom_115__ha08adf2cb113.json; DATASET_MANIFEST_039.json,2026-05-22T13:32:17.011721+00:00
OC39-QUEUE-OC35-ATTACK-RESPONSE-MAP-REVIEWER-ATTACK-RESPONSE-MAP-EMPIRICAL-ATTACKS-ATOM-116-H0C83741BA51B,36,empirical_attack_response_mapping,OC35-ATTACK-RESPONSE-MAP-REVIEWER-ATTACK-RESPONSE-MAP-EMPIRICAL-ATTACKS-ATOM-116-H0C83741BA51B,reviewer_attack_response_map__empirical_attacks__atom_116__h0c83741ba51b,ACTIVE_DATA_ACQUISITION_REQUIRED,NO_SEED_BOUND_YET,,"Map reviewer_attack_response_map__empirical_attacks__atom_116__h0c83741ba51b to a domain/crown evidence row, repaired counterevidence row, or explicit nonclaim exclusion.",Local empirical packet required before promotion.,logion/k7/release_missions/oc_core_current/packages/oc_core_1_4/006/language_sources/units/reviewer_attack_response_map__empirical_attacks__atom_116__h0c83741ba51b.json; DATASET_MANIFEST_039.json,2026-05-22T13:32:17.011721+00:00
OC39-QUEUE-OC35-ATTACK-RESPONSE-MAP-REVIEWER-ATTACK-RESPONSE-MAP-EMPIRICAL-ATTACKS-ATOM-117-HA1242CA1C801,37,empirical_attack_response_mapping,OC35-ATTACK-RESPONSE-MAP-REVIEWER-ATTACK-RESPONSE-MAP-EMPIRICAL-ATTACKS-ATOM-117-HA1242CA1C801,reviewer_attack_response_map__empirical_attacks__atom_117__ha1242ca1c801,ACTIVE_DATA_ACQUISITION_REQUIRED,NO_SEED_BOUND_YET,,"Map reviewer_attack_response_map__empirical_attacks__atom_117__ha1242ca1c801 to a domain/crown evidence row, repaired counterevidence row, or explicit nonclaim exclusion.",Local empirical packet required before promotion.,logion/k7/release_missions/oc_core_current/packages/oc_core_1_4/006/language_sources/units/reviewer_attack_response_map__empirical_attacks__atom_117__ha1242ca1c801.json; DATASET_MANIFEST_039.json,2026-05-22T13:32:17.011721+00:00
OC39-QUEUE-OC35-ATTACK-RESPONSE-MAP-REVIEWER-ATTACK-RESPONSE-MAP-EMPIRICAL-ATTACKS-ATOM-118-H3D2BF697C293,38,empirical_attack_response_mapping,OC35-ATTACK-RESPONSE-MAP-REVIEWER-ATTACK-RESPONSE-MAP-EMPIRICAL-ATTACKS-ATOM-118-H3D2BF697C293,reviewer_attack_response_map__empirical_attacks__atom_118__h3d2bf697c293,ACTIVE_DATA_ACQUISITION_REQUIRED,NO_SEED_BOUND_YET,,"Map reviewer_attack_response_map__empirical_attacks__atom_118__h3d2bf697c293 to a domain/crown evidence row, repaired counterevidence row, or explicit nonclaim exclusion.",Local empirical packet required before promotion.,logion/k7/release_missions/oc_core_current/packages/oc_core_1_4/006/language_sources/units/reviewer_attack_response_map__empirical_attacks__atom_118__h3d2bf697c293.json; DATASET_MANIFEST_039.json,2026-05-22T13:32:17.011721+00:00
OC39-QUEUE-OC35-ATTACK-RESPONSE-MAP-REVIEWER-ATTACK-RESPONSE-MAP-EMPIRICAL-ATTACKS-ATOM-119-H7338686CDF3B,39,empirical_attack_response_mapping,OC35-ATTACK-RESPONSE-MAP-REVIEWER-ATTACK-RESPONSE-MAP-EMPIRICAL-ATTACKS-ATOM-119-H7338686CDF3B,reviewer_attack_response_map__empirical_attacks__atom_119__h7338686cdf3b,ACTIVE_DATA_ACQUISITION_REQUIRED,NO_SEED_BOUND_YET,,"Map reviewer_attack_response_map__empirical_attacks__atom_119__h7338686cdf3b to a domain/crown evidence row, repaired counterevidence row, or explicit nonclaim exclusion.",Local empirical packet required before promotion.,logion/k7/release_missions/oc_core_current/packages/oc_core_1_4/006/language_sources/units/reviewer_attack_response_map__empirical_attacks__atom_119__h7338686cdf3b.json; DATASET_MANIFEST_039.json,2026-05-22T13:32:17.011721+00:00
OC39-QUEUE-OC35-ATTACK-RESPONSE-MAP-REVIEWER-ATTACK-RESPONSE-MAP-EMPIRICAL-ATTACKS-ATOM-120-H72936E341514,40,empirical_attack_response_mapping,OC35-ATTACK-RESPONSE-MAP-REVIEWER-ATTACK-RESPONSE-MAP-EMPIRICAL-ATTACKS-ATOM-120-H72936E341514,reviewer_attack_response_map__empirical_attacks__atom_120__h72936e341514,ACTIVE_DATA_ACQUISITION_REQUIRED,NO_SEED_BOUND_YET,,"Map reviewer_attack_response_map__empirical_attacks__atom_120__h72936e341514 to a domain/crown evidence row, repaired counterevidence row, or explicit nonclaim exclusion.",Local empirical packet required before promotion.,logion/k7/release_missions/oc_core_current/packages/oc_core_1_4/006/language_sources/units/reviewer_attack_response_map__empirical_attacks__atom_120__h72936e341514.json; DATASET_MANIFEST_039.json,2026-05-22T13:32:17.011721+00:00
OC39-QUEUE-OC35-ATTACK-RESPONSE-MAP-REVIEWER-ATTACK-RESPONSE-MAP-EMPIRICAL-ATTACKS-ATOM-121-HAD5A09D5FA02,41,empirical_attack_response_mapping,OC35-ATTACK-RESPONSE-MAP-REVIEWER-ATTACK-RESPONSE-MAP-EMPIRICAL-ATTACKS-ATOM-121-HAD5A09D5FA02,reviewer_attack_response_map__empirical_attacks__atom_121__had5a09d5fa02,ACTIVE_DATA_ACQUISITION_REQUIRED,NO_SEED_BOUND_YET,,"Map reviewer_attack_response_map__empirical_attacks__atom_121__had5a09d5fa02 to a domain/crown evidence row, repaired counterevidence row, or explicit nonclaim exclusion.",Local empirical packet required before promotion.,logion/k7/release_missions/oc_core_current/packages/oc_core_1_4/006/language_sources/units/reviewer_attack_response_map__empirical_attacks__atom_121__had5a09d5fa02.json; DATASET_MANIFEST_039.json,2026-05-22T13:32:17.011721+00:00
OC39-QUEUE-OC35-ATTACK-RESPONSE-MAP-REVIEWER-ATTACK-RESPONSE-MAP-EMPIRICAL-ATTACKS-ATOM-122-HA3A8BFF123E2,42,empirical_attack_response_mapping,OC35-ATTACK-RESPONSE-MAP-REVIEWER-ATTACK-RESPONSE-MAP-EMPIRICAL-ATTACKS-ATOM-122-HA3A8BFF123E2,reviewer_attack_response_map__empirical_attacks__atom_122__ha3a8bff123e2,ACTIVE_DATA_ACQUISITION_REQUIRED,NO_SEED_BOUND_YET,,"Map reviewer_attack_response_map__empirical_attacks__atom_122__ha3a8bff123e2 to a domain/crown evidence row, repaired counterevidence row, or explicit nonclaim exclusion.",Local empirical packet required before promotion.,logion/k7/release_missions/oc_core_current/packages/oc_core_1_4/006/language_sources/units/reviewer_attack_response_map__empirical_attacks__atom_122__ha3a8bff123e2.json; DATASET_MANIFEST_039.json,2026-05-22T13:32:17.011721+00:00
OC39-QUEUE-OC35-ATTACK-RESPONSE-MAP-REVIEWER-ATTACK-RESPONSE-MAP-EMPIRICAL-ATTACKS-ATOM-123-H408472654B7A,43,empirical_attack_response_mapping,OC35-ATTACK-RESPONSE-MAP-REVIEWER-ATTACK-RESPONSE-MAP-EMPIRICAL-ATTACKS-ATOM-123-H408472654B7A,reviewer_attack_response_map__empirical_attacks__atom_123__h408472654b7a,ACTIVE_DATA_ACQUISITION_REQUIRED,NO_SEED_BOUND_YET,,"Map reviewer_attack_response_map__empirical_attacks__atom_123__h408472654b7a to a domain/crown evidence row, repaired counterevidence row, or explicit nonclaim exclusion.",Local empirical packet required before promotion.,logion/k7/release_missions/oc_core_current/packages/oc_core_1_4/006/language_sources/units/reviewer_attack_response_map__empirical_attacks__atom_123__h408472654b7a.json; DATASET_MANIFEST_039.json,2026-05-22T13:32:17.011721+00:00
OC39-QUEUE-OC35-ATTACK-RESPONSE-MAP-REVIEWER-ATTACK-RESPONSE-MAP-EMPIRICAL-ATTACKS-ATOM-124-H07597D6FD745,44,empirical_attack_response_mapping,OC35-ATTACK-RESPONSE-MAP-REVIEWER-ATTACK-RESPONSE-MAP-EMPIRICAL-ATTACKS-ATOM-124-H07597D6FD745,reviewer_attack_response_map__empirical_attacks__atom_124__h07597d6fd745,ACTIVE_DATA_ACQUISITION_REQUIRED,NO_SEED_BOUND_YET,,"Map reviewer_attack_response_map__empirical_attacks__atom_124__h07597d6fd745 to a domain/crown evidence row, repaired counterevidence row, or explicit nonclaim exclusion.",Local empirical packet required before promotion.,logion/k7/release_missions/oc_core_current/packages/oc_core_1_4/006/language_sources/units/reviewer_attack_response_map__empirical_attacks__atom_124__h07597d6fd745.json; DATASET_MANIFEST_039.json,2026-05-22T13:32:17.011721+00:00
OC39-QUEUE-OC35-ATTACK-RESPONSE-MAP-REVIEWER-ATTACK-RESPONSE-MAP-EMPIRICAL-ATTACKS-ATOM-125-H77426666B593,45,empirical_attack_response_mapping,OC35-ATTACK-RESPONSE-MAP-REVIEWER-ATTACK-RESPONSE-MAP-EMPIRICAL-ATTACKS-ATOM-125-H77426666B593,reviewer_attack_response_map__empirical_attacks__atom_125__h77426666b593,ACTIVE_DATA_ACQUISITION_REQUIRED,NO_SEED_BOUND_YET,,"Map reviewer_attack_response_map__empirical_attacks__atom_125__h77426666b593 to a domain/crown evidence row, repaired counterevidence row, or explicit nonclaim exclusion.",Local empirical packet required before promotion.,logion/k7/release_missions/oc_core_current/packages/oc_core_1_4/006/language_sources/units/reviewer_attack_response_map__empirical_attacks__atom_125__h77426666b593.json; DATASET_MANIFEST_039.json,2026-05-22T13:32:17.011721+00:00
OC39-QUEUE-OC35-ATTACK-RESPONSE-MAP-REVIEWER-ATTACK-RESPONSE-MAP-EMPIRICAL-ATTACKS-ATOM-126-H78676F77CBEF,46,empirical_attack_response_mapping,OC35-ATTACK-RESPONSE-MAP-REVIEWER-ATTACK-RESPONSE-MAP-EMPIRICAL-ATTACKS-ATOM-126-H78676F77CBEF,reviewer_attack_response_map__empirical_attacks__atom_126__h78676f77cbef,ACTIVE_DATA_ACQUISITION_REQUIRED,NO_SEED_BOUND_YET,,"Map reviewer_attack_response_map__empirical_attacks__atom_126__h78676f77cbef to a domain/crown evidence row, repaired counterevidence row, or explicit nonclaim exclusion.",Local empirical packet required before promotion.,logion/k7/release_missions/oc_core_current/packages/oc_core_1_4/006/language_sources/units/reviewer_attack_response_map__empirical_attacks__atom_126__h78676f77cbef.json; DATASET_MANIFEST_039.json,2026-05-22T13:32:17.011721+00:00
OC39-QUEUE-OC35-ATTACK-RESPONSE-MAP-REVIEWER-ATTACK-RESPONSE-MAP-EMPIRICAL-ATTACKS-ATOM-127-H6FF28784EC0A,47,empirical_attack_response_mapping,OC35-ATTACK-RESPONSE-MAP-REVIEWER-ATTACK-RESPONSE-MAP-EMPIRICAL-ATTACKS-ATOM-127-H6FF28784EC0A,reviewer_attack_response_map__empirical_attacks__atom_127__h6ff28784ec0a,ACTIVE_DATA_ACQUISITION_REQUIRED,NO_SEED_BOUND_YET,,"Map reviewer_attack_response_map__empirical_attacks__atom_127__h6ff28784ec0a to a domain/crown evidence row, repaired counterevidence row, or explicit nonclaim exclusion.",Local empirical packet required before promotion.,logion/k7/release_missions/oc_core_current/packages/oc_core_1_4/006/language_sources/units/reviewer_attack_response_map__empirical_attacks__atom_127__h6ff28784ec0a.json; DATASET_MANIFEST_039.json,2026-05-22T13:32:17.011721+00:00
OC39-QUEUE-OC35-ATTACK-RESPONSE-MAP-REVIEWER-ATTACK-RESPONSE-MAP-EMPIRICAL-ATTACKS-ATOM-128-H6366EE6B8F34,48,empirical_attack_response_mapping,OC35-ATTACK-RESPONSE-MAP-REVIEWER-ATTACK-RESPONSE-MAP-EMPIRICAL-ATTACKS-ATOM-128-H6366EE6B8F34,reviewer_attack_response_map__empirical_attacks__atom_128__h6366ee6b8f34,ACTIVE_DATA_ACQUISITION_REQUIRED,NO_SEED_BOUND_YET,,"Map reviewer_attack_response_map__empirical_attacks__atom_128__h6366ee6b8f34 to a domain/crown evidence row, repaired counterevidence row, or explicit nonclaim exclusion.",Local empirical packet required before promotion.,logion/k7/release_missions/oc_core_current/packages/oc_core_1_4/006/language_sources/units/reviewer_attack_response_map__empirical_attacks__atom_128__h6366ee6b8f34.json; DATASET_MANIFEST_039.json,2026-05-22T13:32:17.011721+00:00
OC39-QUEUE-OC35-ATTACK-RESPONSE-MAP-REVIEWER-ATTACK-RESPONSE-MAP-EMPIRICAL-ATTACKS-ATOM-129-H1DBA08D257E1,49,empirical_attack_response_mapping,OC35-ATTACK-RESPONSE-MAP-REVIEWER-ATTACK-RESPONSE-MAP-EMPIRICAL-ATTACKS-ATOM-129-H1DBA08D257E1,reviewer_attack_response_map__empirical_attacks__atom_129__h1dba08d257e1,ACTIVE_DATA_ACQUISITION_REQUIRED,NO_SEED_BOUND_YET,,"Map reviewer_attack_response_map__empirical_attacks__atom_129__h1dba08d257e1 to a domain/crown evidence row, repaired counterevidence row, or explicit nonclaim exclusion.",Local empirical packet required before promotion.,logion/k7/release_missions/oc_core_current/packages/oc_core_1_4/006/language_sources/units/reviewer_attack_response_map__empirical_attacks__atom_129__h1dba08d257e1.json; DATASET_MANIFEST_039.json,2026-05-22T13:32:17.011721+00:00
OC39-QUEUE-OC35-ATTACK-RESPONSE-MAP-REVIEWER-ATTACK-RESPONSE-MAP-EMPIRICAL-ATTACKS-ATOM-130-H79A3AE812176,50,empirical_attack_response_mapping,OC35-ATTACK-RESPONSE-MAP-REVIEWER-ATTACK-RESPONSE-MAP-EMPIRICAL-ATTACKS-ATOM-130-H79A3AE812176,reviewer_attack_response_map__empirical_attacks__atom_130__h79a3ae812176,ACTIVE_DATA_ACQUISITION_REQUIRED,NO_SEED_BOUND_YET,,"Map reviewer_attack_response_map__empirical_attacks__atom_130__h79a3ae812176 to a domain/crown evidence row, repaired counterevidence row, or explicit nonclaim exclusion.",Local empirical packet required before promotion.,logion/k7/release_missions/oc_core_current/packages/oc_core_1_4/006/language_sources/units/reviewer_attack_response_map__empirical_attacks__atom_130__h79a3ae812176.json; DATASET_MANIFEST_039.json,2026-05-22T13:32:17.011721+00:00
OC39-QUEUE-OC35-ATTACK-RESPONSE-MAP-REVIEWER-ATTACK-RESPONSE-MAP-EMPIRICAL-ATTACKS-ATOM-131-H95FA7EF1C190,51,empirical_attack_response_mapping,OC35-ATTACK-RESPONSE-MAP-REVIEWER-ATTACK-RESPONSE-MAP-EMPIRICAL-ATTACKS-ATOM-131-H95FA7EF1C190,reviewer_attack_response_map__empirical_attacks__atom_131__h95fa7ef1c190,ACTIVE_DATA_ACQUISITION_REQUIRED,NO_SEED_BOUND_YET,,"Map reviewer_attack_response_map__empirical_attacks__atom_131__h95fa7ef1c190 to a domain/crown evidence row, repaired counterevidence row, or explicit nonclaim exclusion.",Local empirical packet required before promotion.,logion/k7/release_missions/oc_core_current/packages/oc_core_1_4/006/language_sources/units/reviewer_attack_response_map__empirical_attacks__atom_131__h95fa7ef1c190.json; DATASET_MANIFEST_039.json,2026-05-22T13:32:17.011721+00:00
OC39-QUEUE-OC35-ATTACK-RESPONSE-MAP-REVIEWER-ATTACK-RESPONSE-MAP-EMPIRICAL-ATTACKS-ATOM-132-H33906AB53063,52,empirical_attack_response_mapping,OC35-ATTACK-RESPONSE-MAP-REVIEWER-ATTACK-RESPONSE-MAP-EMPIRICAL-ATTACKS-ATOM-132-H33906AB53063,reviewer_attack_response_map__empirical_attacks__atom_132__h33906ab53063,ACTIVE_DATA_ACQUISITION_REQUIRED,NO_SEED_BOUND_YET,,"Map reviewer_attack_response_map__empirical_attacks__atom_132__h33906ab53063 to a domain/crown evidence row, repaired counterevidence row, or explicit nonclaim exclusion.",Local empirical packet required before promotion.,logion/k7/release_missions/oc_core_current/packages/oc_core_1_4/006/language_sources/units/reviewer_attack_response_map__empirical_attacks__atom_132__h33906ab53063.json; DATASET_MANIFEST_039.json,2026-05-22T13:32:17.011721+00:00
OC39-QUEUE-OC35-ATTACK-RESPONSE-MAP-REVIEWER-ATTACK-RESPONSE-MAP-EMPIRICAL-ATTACKS-ATOM-133-H37BA508D59CD,53,empirical_attack_response_mapping,OC35-ATTACK-RESPONSE-MAP-REVIEWER-ATTACK-RESPONSE-MAP-EMPIRICAL-ATTACKS-ATOM-133-H37BA508D59CD,reviewer_attack_response_map__empirical_attacks__atom_133__h37ba508d59cd,ACTIVE_DATA_ACQUISITION_REQUIRED,NO_SEED_BOUND_YET,,"Map reviewer_attack_response_map__empirical_attacks__atom_133__h37ba508d59cd to a domain/crown evidence row, repaired counterevidence row, or explicit nonclaim exclusion.",Local empirical packet required before promotion.,logion/k7/release_missions/oc_core_current/packages/oc_core_1_4/006/language_sources/units/reviewer_attack_response_map__empirical_attacks__atom_133__h37ba508d59cd.json; DATASET_MANIFEST_039.json,2026-05-22T13:32:17.011721+00:00
OC39-QUEUE-OC35-ATTACK-RESPONSE-MAP-REVIEWER-ATTACK-RESPONSE-MAP-EMPIRICAL-ATTACKS-ATOM-134-HA256DA192B9E,54,empirical_attack_response_mapping,OC35-ATTACK-RESPONSE-MAP-REVIEWER-ATTACK-RESPONSE-MAP-EMPIRICAL-ATTACKS-ATOM-134-HA256DA192B9E,reviewer_attack_response_map__empirical_attacks__atom_134__ha256da192b9e,ACTIVE_DATA_ACQUISITION_REQUIRED,NO_SEED_BOUND_YET,,"Map reviewer_attack_response_map__empirical_attacks__atom_134__ha256da192b9e to a domain/crown evidence row, repaired counterevidence row, or explicit nonclaim exclusion.",Local empirical packet required before promotion.,logion/k7/release_missions/oc_core_current/packages/oc_core_1_4/006/language_sources/units/reviewer_attack_response_map__empirical_attacks__atom_134__ha256da192b9e.json; DATASET_MANIFEST_039.json,2026-05-22T13:32:17.011721+00:00
OC39-QUEUE-OC35-ATTACK-RESPONSE-MAP-REVIEWER-ATTACK-RESPONSE-MAP-EMPIRICAL-ATTACKS-ATOM-135-HE1B2C597AEFE,55,empirical_attack_response_mapping,OC35-ATTACK-RESPONSE-MAP-REVIEWER-ATTACK-RESPONSE-MAP-EMPIRICAL-ATTACKS-ATOM-135-HE1B2C597AEFE,reviewer_attack_response_map__empirical_attacks__atom_135__he1b2c597aefe,ACTIVE_DATA_ACQUISITION_REQUIRED,NO_SEED_BOUND_YET,,"Map reviewer_attack_response_map__empirical_attacks__atom_135__he1b2c597aefe to a domain/crown evidence row, repaired counterevidence row, or explicit nonclaim exclusion.",Local empirical packet required before promotion.,logion/k7/release_missions/oc_core_current/packages/oc_core_1_4/006/language_sources/units/reviewer_attack_response_map__empirical_attacks__atom_135__he1b2c597aefe.json; DATASET_MANIFEST_039.json,2026-05-22T13:32:17.011721+00:00
OC39-QUEUE-OC35-ATTACK-RESPONSE-MAP-REVIEWER-ATTACK-RESPONSE-MAP-EMPIRICAL-ATTACKS-ATOM-136-H011C158812E5,56,empirical_attack_response_mapping,OC35-ATTACK-RESPONSE-MAP-REVIEWER-ATTACK-RESPONSE-MAP-EMPIRICAL-ATTACKS-ATOM-136-H011C158812E5,reviewer_attack_response_map__empirical_attacks__atom_136__h011c158812e5,ACTIVE_DATA_ACQUISITION_REQUIRED,NO_SEED_BOUND_YET,,"Map reviewer_attack_response_map__empirical_attacks__atom_136__h011c158812e5 to a domain/crown evidence row, repaired counterevidence row, or explicit nonclaim exclusion.",Local empirical packet required before promotion.,logion/k7/release_missions/oc_core_current/packages/oc_core_1_4/006/language_sources/units/reviewer_attack_response_map__empirical_attacks__atom_136__h011c158812e5.json; DATASET_MANIFEST_039.json,2026-05-22T13:32:17.011721+00:00
OC39-QUEUE-OC35-ATTACK-RESPONSE-MAP-REVIEWER-ATTACK-RESPONSE-MAP-EMPIRICAL-ATTACKS-ATOM-137-HA1583AB62BE3,57,empirical_attack_response_mapping,OC35-ATTACK-RESPONSE-MAP-REVIEWER-ATTACK-RESPONSE-MAP-EMPIRICAL-ATTACKS-ATOM-137-HA1583AB62BE3,reviewer_attack_response_map__empirical_attacks__atom_137__ha1583ab62be3,ACTIVE_DATA_ACQUISITION_REQUIRED,NO_SEED_BOUND_YET,,"Map reviewer_attack_response_map__empirical_attacks__atom_137__ha1583ab62be3 to a domain/crown evidence row, repaired counterevidence row, or explicit nonclaim exclusion.",Local empirical packet required before promotion.,logion/k7/release_missions/oc_core_current/packages/oc_core_1_4/006/language_sources/units/reviewer_attack_response_map__empirical_attacks__atom_137__ha1583ab62be3.json; DATASET_MANIFEST_039.json,2026-05-22T13:32:17.011721+00:00
OC39-QUEUE-OC35-ATTACK-RESPONSE-MAP-REVIEWER-ATTACK-RESPONSE-MAP-EMPIRICAL-ATTACKS-ATOM-138-HC3E277ECA806,58,empirical_attack_response_mapping,OC35-ATTACK-RESPONSE-MAP-REVIEWER-ATTACK-RESPONSE-MAP-EMPIRICAL-ATTACKS-ATOM-138-HC3E277ECA806,reviewer_attack_response_map__empirical_attacks__atom_138__hc3e277eca806,ACTIVE_DATA_ACQUISITION_REQUIRED,NO_SEED_BOUND_YET,,"Map reviewer_attack_response_map__empirical_attacks__atom_138__hc3e277eca806 to a domain/crown evidence row, repaired counterevidence row, or explicit nonclaim exclusion.",Local empirical packet required before promotion.,logion/k7/release_missions/oc_core_current/packages/oc_core_1_4/006/language_sources/units/reviewer_attack_response_map__empirical_attacks__atom_138__hc3e277eca806.json; DATASET_MANIFEST_039.json,2026-05-22T13:32:17.011721+00:00
OC39-QUEUE-OC35-ATTACK-RESPONSE-MAP-REVIEWER-ATTACK-RESPONSE-MAP-EMPIRICAL-ATTACKS-ATOM-139-H318F2264ED98,59,empirical_attack_response_mapping,OC35-ATTACK-RESPONSE-MAP-REVIEWER-ATTACK-RESPONSE-MAP-EMPIRICAL-ATTACKS-ATOM-139-H318F2264ED98,reviewer_attack_response_map__empirical_attacks__atom_139__h318f2264ed98,ACTIVE_DATA_ACQUISITION_REQUIRED,NO_SEED_BOUND_YET,,"Map reviewer_attack_response_map__empirical_attacks__atom_139__h318f2264ed98 to a domain/crown evidence row, repaired counterevidence row, or explicit nonclaim exclusion.",Local empirical packet required before promotion.,logion/k7/release_missions/oc_core_current/packages/oc_core_1_4/006/language_sources/units/reviewer_attack_response_map__empirical_attacks__atom_139__h318f2264ed98.json; DATASET_MANIFEST_039.json,2026-05-22T13:32:17.011721+00:00
OC39-QUEUE-OC35-ATTACK-RESPONSE-MAP-REVIEWER-ATTACK-RESPONSE-MAP-EMPIRICAL-ATTACKS-ATOM-140-HFCD0E57E6C0C,60,empirical_attack_response_mapping,OC35-ATTACK-RESPONSE-MAP-REVIEWER-ATTACK-RESPONSE-MAP-EMPIRICAL-ATTACKS-ATOM-140-HFCD0E57E6C0C,reviewer_attack_response_map__empirical_attacks__atom_140__hfcd0e57e6c0c,ACTIVE_DATA_ACQUISITION_REQUIRED,NO_SEED_BOUND_YET,,"Map reviewer_attack_response_map__empirical_attacks__atom_140__hfcd0e57e6c0c to a domain/crown evidence row, repaired counterevidence row, or explicit nonclaim exclusion.",Local empirical packet required before promotion.,logion/k7/release_missions/oc_core_current/packages/oc_core_1_4/006/language_sources/units/reviewer_attack_response_map__empirical_attacks__atom_140__hfcd0e57e6c0c.json; DATASET_MANIFEST_039.json,2026-05-22T13:32:17.011721+00:00
OC39-QUEUE-OC35-ATTACK-RESPONSE-MAP-REVIEWER-ATTACK-RESPONSE-MAP-EMPIRICAL-ATTACKS-ATOM-141-HDE60962D7772,61,empirical_attack_response_mapping,OC35-ATTACK-RESPONSE-MAP-REVIEWER-ATTACK-RESPONSE-MAP-EMPIRICAL-ATTACKS-ATOM-141-HDE60962D7772,reviewer_attack_response_map__empirical_attacks__atom_141__hde60962d7772,ACTIVE_DATA_ACQUISITION_REQUIRED,NO_SEED_BOUND_YET,,"Map reviewer_attack_response_map__empirical_attacks__atom_141__hde60962d7772 to a domain/crown evidence row, repaired counterevidence row, or explicit nonclaim exclusion.",Local empirical packet required before promotion.,logion/k7/release_missions/oc_core_current/packages/oc_core_1_4/006/language_sources/units/reviewer_attack_response_map__empirical_attacks__atom_141__hde60962d7772.json; DATASET_MANIFEST_039.json,2026-05-22T13:32:17.011721+00:00
OC39-QUEUE-OC35-ATTACK-RESPONSE-MAP-REVIEWER-ATTACK-RESPONSE-MAP-EMPIRICAL-ATTACKS-ATOM-142-H7C68D47B6883,62,empirical_attack_response_mapping,OC35-ATTACK-RESPONSE-MAP-REVIEWER-ATTACK-RESPONSE-MAP-EMPIRICAL-ATTACKS-ATOM-142-H7C68D47B6883,reviewer_attack_response_map__empirical_attacks__atom_142__h7c68d47b6883,ACTIVE_DATA_ACQUISITION_REQUIRED,NO_SEED_BOUND_YET,,"Map reviewer_attack_response_map__empirical_attacks__atom_142__h7c68d47b6883 to a domain/crown evidence row, repaired counterevidence row, or explicit nonclaim exclusion.",Local empirical packet required before promotion.,logion/k7/release_missions/oc_core_current/packages/oc_core_1_4/006/language_sources/units/reviewer_attack_response_map__empirical_attacks__atom_142__h7c68d47b6883.json; DATASET_MANIFEST_039.json,2026-05-22T13:32:17.011721+00:00
OC39-QUEUE-OC35-ARTICLE-FULL-EMPIRICAL-CLOSEOUT,63,article_closeout_gate,OC35-ARTICLE-FULL-EMPIRICAL-CLOSEOUT,FULL_EMPIRICAL_CLOSEOUT,ACTIVE_DATA_ACQUISITION_REQUIRED,NO_SEED_BOUND_YET,,"Close every domain empirical upgrade, crown theorem-chain, and empirical attack-response mapping before article promotion.",Local empirical packet required before promotion.,OC_CONTINUOUS_EVIDENCE_PACKET_ARTICLE_BOUNDARY_035.md; logion/k7/release_missions/oc_core_current/packages/oc_core_1_4/033/full_empirical_theory_expansion/oc_full_empirical_theory_expansion_033.sqlite; logion/k7/release_missions/oc_core_current/packages/oc_core_1_4/034/sequential_evidence_packet_closure/oc_sequential_evidence_packet_closure_034.sqlite; formal/python/validate_035.py; formal/OCContinuous/Basic.lean; DATASET_MANIFEST_039.json,2026-05-22T13:32:17.011721+00:00
