requirement_id,lane_id,title,necessity,acceptance_criterion,source_refs,artifact_refs,current_status,blocker,allowed_wording,forbidden_wording,verification_note
BUS-001,BUSINESS_COMMERCIAL,Planning/pilot business package boundary,required,Offer catalog and master book separate planning/pilot value from sales claims.,logion/k7/spe/state/product/OFFER_PACKAGE_CATALOG_latest.json; logion/k0/governance/status/<SOURCE_BOUNDARY_STATUS_SURFACE><PUBLIC_BOUNDARY_REDACTED_FILENAME>,logion/k7/spe/state/product/OFFER_PACKAGE_CATALOG_latest.json; logion/k0/governance/status/<SOURCE_BOUNDARY_STATUS_SURFACE><PUBLIC_BOUNDARY_REDACTED_FILENAME>,SATISFIED_WITH_ARTIFACTS,,Use for internal planning and pilot preparation.,Do not treat pilot-prep as sales proof.,Offer catalog explicitly names planning/pilot and blockers.
BUS-002,BUSINESS_COMMERCIAL,"ROI, market, pricing, and client proof",required,Commercial claims require external market/pricing/client evidence and owner approval.,logion/k7/spe/state/product/OFFER_PACKAGE_CATALOG_latest.json; logion/k0/governance/status/<SOURCE_BOUNDARY_STATUS_SURFACE><PUBLIC_BOUNDARY_REDACTED_FILENAME>,logion/k7/release_missions/oc_core_current/packages/oc_core_1_4/045/readiness_fulfillment_closure/<PUBLIC_BOUNDARY_REDACTED_FILENAME>,BLOCKED_BY_EXTERNAL_EVIDENCE,Acquire external client/market evidence and owner approval.,Commercial work can remain pre-market.,No ROI/revenue/client-safe promises.,Master and offer catalog block GA/commercial claims. 045 supplies request/decision packet only; it does not fabricate external evidence.
BUS-003,BUSINESS_COMMERCIAL,"Legal, FTO, counsel, and public-release gate",required,Legal/FTO/public release claims require counsel/IP review and release decision.,logion/k0/governance/status/<SOURCE_BOUNDARY_STATUS_SURFACE><PUBLIC_BOUNDARY_REDACTED_FILENAME>,logion/k7/release_missions/oc_core_current/packages/oc_core_1_4/045/readiness_fulfillment_closure/<PUBLIC_BOUNDARY_REDACTED_FILENAME>,BLOCKED_BY_EXTERNAL_EVIDENCE,Counsel/IP/FTO review and owner release gate required.,Internal business plan may cite blockers.,No legal/FTO/public-release claim.,Master book blocks legal/FTO/client-safe claims. 045 supplies request/decision packet only; it does not fabricate external evidence.
GOV-001,CORPORATE_GOVERNANCE,Owner/board control book and no-send gates,required,"Master book carries owner-click, no-send, evidence/gap, and decision boundary.",logion/k0/governance/status/<SOURCE_BOUNDARY_STATUS_SURFACE><PUBLIC_BOUNDARY_REDACTED_FILENAME>,logion/k0/governance/status/<SOURCE_BOUNDARY_STATUS_SURFACE><PUBLIC_BOUNDARY_REDACTED_FILENAME>,SATISFIED_WITH_ARTIFACTS,,Governance can use the readiness atlas internally.,Governance does not prove external claims.,Master book contains owner/no-send/evidence boundary.
GOV-002,CORPORATE_GOVERNANCE,Evidence registry and traceability,required,"Readiness rows bind to source refs, proof/evidence refs, and validators.",logion/k7/release_missions/oc_core_current/packages/oc_core_1_4/042/absolute_proof_closure/oc_absolute_proof_closure_042.sqlite; logion/k7/release_missions/oc_core_current/packages/oc_core_1_4/043/goal_readiness_contract/oc_goal_readiness_contract_043.sqlite,logion/k7/release_missions/oc_core_current/packages/oc_core_1_4/042/absolute_proof_closure/oc_absolute_proof_closure_042.sqlite; logion/k7/release_missions/oc_core_current/packages/oc_core_1_4/043/goal_readiness_contract/oc_goal_readiness_contract_043.sqlite,SATISFIED_WITH_ARTIFACTS,,Traceability exists across 042/043/044.,Do not accept untraceable readiness claims.,DB-backed source/artifact refs exist.
GOV-003,CORPORATE_GOVERNANCE,RACI/role ownership and external decision logs,required,External publication/commercial actions need signed owner/counsel/client decision records.,logion/k0/governance/status/<SOURCE_BOUNDARY_STATUS_SURFACE><PUBLIC_BOUNDARY_REDACTED_FILENAME>,logion/k7/release_missions/oc_core_current/packages/oc_core_1_4/045/readiness_fulfillment_closure/<PUBLIC_BOUNDARY_REDACTED_FILENAME>,BLOCKED_BY_EXTERNAL_EVIDENCE,Add current signed owner/counsel/client decision logs for external actions.,Internal owner review can continue.,Do not externalize without decision records.,Current 044 inputs do not include fresh signed external decision logs. 045 supplies request/decision packet only; it does not fabricate external evidence.
EA2O-001,EA_SECOND_OPINION,Complete target customer question atlas,required,"The EA target question surface is represented exactly once with tiers, clusters, failure modes, mechanisms, data refs, and readiness.",logion/k7/spe/state/strategy/EA_QUESTION_LADDER_latest.json; logion/k7/spe/state/strategy/QUESTION_CHAIN_PORTFOLIO_REGISTRY_latest.json; logion/k7/spe/state/toolkit/<PUBLIC_BOUNDARY_REDACTED_FILENAME>,logion/k7/spe/state/strategy/EA_QUESTION_LADDER_latest.json; logion/k7/spe/state/strategy/QUESTION_CHAIN_PORTFOLIO_REGISTRY_latest.json; logion/k7/spe/state/toolkit/<PUBLIC_BOUNDARY_REDACTED_FILENAME>; logion/k7/release_missions/oc_core_current/packages/oc_core_1_4/044/goal_requirements_atlas/<PUBLIC_BOUNDARY_REDACTED_FILENAME>,SATISFIED_WITH_ARTIFACTS,,EA Second Opinion has a concrete question surface.,Do not use a partial or hidden question list.,"Recovered 103 questions, 100 complete, 3 in progress."
EA2O-002,EA_SECOND_OPINION,Behavior classes that matter to the CTO/EA audience,required,"Question atlas covers load survivability, hidden dependencies, boundary collapse, retry storms, failover state corruption, observability, migration risk, portfolio priority, governance, AI/automation, and safe standardization.",logion/k7/spe/state/strategy/EA_QUESTION_LADDER_latest.json,logion/k7/spe/state/strategy/EA_QUESTION_LADDER_latest.json; logion/k7/release_missions/oc_core_current/packages/oc_core_1_4/044/goal_requirements_atlas/<PUBLIC_BOUNDARY_REDACTED_FILENAME>,SATISFIED_WITH_ARTIFACTS,,EA behavior coverage is explicit.,Do not market a narrower accidental slice as complete.,Behavior classes are recovered from EA ladder clusters/failure causes.
EA2O-003,EA_SECOND_OPINION,"Data intake, replay, and report packet",required,"Second Opinion has required data package, case/replay refs, and a client/report deliverable template.",logion/k7/spe/state/toolkit/EA_REQUIRED_DATA_PACKAGE_latest.json; logion/k7/spe/state/toolkit/EA_CASE_CORPUS_MANIFEST_latest.json; logion/k7/spe/state/toolkit/<PUBLIC_BOUNDARY_REDACTED_FILENAME>,logion/k7/spe/state/toolkit/EA_REQUIRED_DATA_PACKAGE_latest.json; logion/k7/spe/state/toolkit/EA_CASE_CORPUS_MANIFEST_latest.json; logion/k7/spe/state/toolkit/<PUBLIC_BOUNDARY_REDACTED_FILENAME>,SATISFIED_WITH_ARTIFACTS,,EA Second Opinion can be specified as a bounded diagnostic packet.,Data package does not create client-safe outcome proof.,EA data/case/client deliverable artifacts exist.
EA2O-004,EA_SECOND_OPINION,Close in-progress EAQ chains,required,"EAQ_101, EAQ_102, and EAQ_103 must have complete science/client/product/publication chains before full EA2O readiness.",logion/k7/spe/state/strategy/QUESTION_CHAIN_PORTFOLIO_REGISTRY_latest.json; logion/k7/spe/state/toolkit/<PUBLIC_BOUNDARY_REDACTED_FILENAME>,logion/k7/spe/state/strategy/QUESTION_CHAIN_PORTFOLIO_REGISTRY_latest.json; logion/k7/spe/state/toolkit/<PUBLIC_BOUNDARY_REDACTED_FILENAME>; logion/k7/release_missions/oc_core_current/packages/oc_core_1_4/045/readiness_fulfillment_closure/OC_EAQ_CLOSURE_PACKET_045.md,SATISFIED_WITH_ARTIFACTS,,Current bounded packets may be used internally with provisional boundary. 045 artifact-complete at bounded claim ceiling.,Do not call full EA2O ready while chains remain in progress.,"EAQ_101, EAQ_102, and EAQ_103 are closed as bounded internal EA-domain chains with answer packet, simulation/result, client/product/toolkit/publication packets, and no external outcome claim."
EA2O-005,EA_SECOND_OPINION,Client-safe and external validation boundary,required,Client-safe claims require external client proof and owner approval beyond internal simulations.,logion/k7/spe/state/gates/<PUBLIC_BOUNDARY_REDACTED_FILENAME>; logion/k0/governance/status/<SOURCE_BOUNDARY_STATUS_SURFACE><PUBLIC_BOUNDARY_REDACTED_FILENAME>,logion/k7/release_missions/oc_core_current/packages/oc_core_1_4/045/readiness_fulfillment_closure/<PUBLIC_BOUNDARY_REDACTED_FILENAME>,BLOCKED_BY_EXTERNAL_EVIDENCE,External client evidence and owner gate required.,EA Second Opinion may be pilot-prep/internal.,Do not promise client outcomes or ROI.,Master and client gate keep external blocker. 045 supplies request/decision packet only; it does not fabricate external evidence.
TOOL-001,ESTRA_TOOLKIT,Scientific core integration path,required,Toolkit discovers and runs the canonical scientific core through a deterministic path.,logion/k1/contracts/<PUBLIC_BOUNDARY_REDACTED_FILENAME>,logion/k1/contracts/<PUBLIC_BOUNDARY_REDACTED_FILENAME>,SATISFIED_WITH_ARTIFACTS,,Toolkit has a canonical core integration contract.,No parallel ad-hoc scientific pipeline.,Toolkit integration contract exists.
TOOL-002,ESTRA_TOOLKIT,EAQ feature registry and question selector,required,All EAQ question rows have feature registry entries and prioritization metadata.,logion/k7/spe/state/toolkit/<PUBLIC_BOUNDARY_REDACTED_FILENAME>; logion/k7/spe/state/strategy/EA_QUESTION_LADDER_latest.json,logion/k7/spe/state/toolkit/<PUBLIC_BOUNDARY_REDACTED_FILENAME>; logion/k7/spe/state/strategy/EA_QUESTION_LADDER_latest.json,SATISFIED_WITH_ARTIFACTS,,Toolkit can enumerate the question surface.,Do not hide in-progress EAQ rows.,Builder recovered 103 EAQ rows.
TOOL-003,ESTRA_TOOLKIT,Mapper modules: variables/operators/falsifiers/evidence,required,"Runtime modules expose intake, OC variable mapping, operator mapping, falsifier generation, evidence binding, replay runner, boundary checker, and report emitter.",logion/k7/spe/state/toolkit/EA_REQUIRED_DATA_PACKAGE_latest.json; logion/k1/contracts/<PUBLIC_BOUNDARY_REDACTED_FILENAME>; logion/k7/release_missions/oc_core_current/packages/oc_core_1_4/043/goal_readiness_contract/OC_OPERATIONAL_PROTOCOL_043.md,logion/k7/spe/state/toolkit/EA_REQUIRED_DATA_PACKAGE_latest.json; logion/k1/contracts/<PUBLIC_BOUNDARY_REDACTED_FILENAME>; logion/k7/release_missions/oc_core_current/packages/oc_core_1_4/043/goal_readiness_contract/OC_OPERATIONAL_PROTOCOL_043.md; logion/k7/release_missions/oc_core_current/packages/oc_core_1_4/045/readiness_fulfillment_closure/<PUBLIC_BOUNDARY_REDACTED_FILENAME>,SATISFIED_WITH_ARTIFACTS,,Toolkit requirements are now concrete. 045 artifact-complete at bounded claim ceiling.,Do not call Estra Toolkit ready before module contract/tests pass.,"Consolidated module contract maps intake, question selection, variable/operator mapping, falsifier generation, evidence binding, replay, boundary check, and report emission to acceptance tests."
TOOL-004,ESTRA_TOOLKIT,Toolkit UI/API QA and no-send gates,required,"The user-facing or API workflow has QA, failure messages, no-send gates, and reproducible end-to-end examples.",logion/k7/spe/state/gates/<PUBLIC_BOUNDARY_REDACTED_FILENAME>; logion/k7/release_missions/oc_core_current/packages/oc_core_1_4/043/goal_readiness_contract/<PUBLIC_BOUNDARY_REDACTED_FILENAME>,logion/k7/spe/state/gates/<PUBLIC_BOUNDARY_REDACTED_FILENAME>; logion/k7/release_missions/oc_core_current/packages/oc_core_1_4/043/goal_readiness_contract/<PUBLIC_BOUNDARY_REDACTED_FILENAME>; logion/k7/release_missions/oc_core_current/packages/oc_core_1_4/045/readiness_fulfillment_closure/<PUBLIC_BOUNDARY_REDACTED_FILENAME>,SATISFIED_WITH_ARTIFACTS,,Internal workflow spec exists. 045 artifact-complete at bounded claim ceiling.,Do not call Toolkit product-ready without current QA.,Toolkit UI/API/no-send QA is represented by reproducible acceptance scenarios and failure-message gates.
TOOL-005,ESTRA_TOOLKIT,External user tests and support model,required,"At least one bounded user workflow has acceptance test, service-level/support rules, and owner-approved release boundary.",logion/k0/governance/status/<SOURCE_BOUNDARY_STATUS_SURFACE><PUBLIC_BOUNDARY_REDACTED_FILENAME>; logion/k7/spe/state/product/OFFER_PACKAGE_CATALOG_latest.json,logion/k7/release_missions/oc_core_current/packages/oc_core_1_4/045/readiness_fulfillment_closure/<PUBLIC_BOUNDARY_REDACTED_FILENAME>,BLOCKED_BY_EXTERNAL_EVIDENCE,Requires owner release decision and user/workflow validation.,Toolkit can remain internal/pilot-prep.,Do not sell or externally release from internal readiness.,Master and offer catalog keep external gates. 045 supplies request/decision packet only; it does not fabricate external evidence.
INST-001,INSTRUMENTAL_PROTOCOL,Domain-to-OC operational protocol,required,"Protocol maps source statement, observables, constraints, operators, falsifier, evidence ceiling, and output boundary.",logion/k7/release_missions/oc_core_current/packages/oc_core_1_4/043/goal_readiness_contract/OC_OPERATIONAL_PROTOCOL_043.md,logion/k7/release_missions/oc_core_current/packages/oc_core_1_4/043/goal_readiness_contract/OC_OPERATIONAL_PROTOCOL_043.md,SATISFIED_WITH_ARTIFACTS,,OC can be used for bounded internal domain/claim analysis.,Protocol does not validate domains without evidence.,043 operational protocol exists.
INST-002,INSTRUMENTAL_PROTOCOL,Data intake and refusal conditions,required,Required and recommended EA data packages are specified with refusal/no-send conditions.,logion/k7/spe/state/toolkit/EA_REQUIRED_DATA_PACKAGE_latest.json; logion/k7/spe/state/toolkit/EA_CASE_CORPUS_MANIFEST_latest.json,logion/k7/spe/state/toolkit/EA_REQUIRED_DATA_PACKAGE_latest.json; logion/k7/spe/state/toolkit/EA_CASE_CORPUS_MANIFEST_latest.json,SATISFIED_WITH_ARTIFACTS,,Analysis can request a concrete input package.,Do not infer missing client facts.,EA data package and case corpus exist.
INST-003,INSTRUMENTAL_PROTOCOL,Replay and failure-mode examples,required,At least one replay/example path demonstrates success and failure/no-send behavior.,logion/k7/release_missions/oc_core_current/packages/oc_core_1_4/040/continuous_replay_and_full_closure/oc_continuous_replay_full_closure_040.sqlite; logion/k7/release_missions/oc_core_current/packages/oc_core_1_4/043/goal_readiness_contract/<PUBLIC_BOUNDARY_REDACTED_FILENAME>,logion/k7/release_missions/oc_core_current/packages/oc_core_1_4/040/continuous_replay_and_full_closure/oc_continuous_replay_full_closure_040.sqlite; logion/k7/release_missions/oc_core_current/packages/oc_core_1_4/043/goal_readiness_contract/<PUBLIC_BOUNDARY_REDACTED_FILENAME>,SATISFIED_WITH_ARTIFACTS,,Internal replay-backed use is available.,No empirical promotion without replay/data.,040/043 bind replay and failure boundaries.
MON-001,MONOGRAPH_BOOK,Cumulative argument and chapter reader jobs,required,"Book chapters declare reader job, narrative arc, claim/evidence, limitation, and next question.",logion/k1/contracts/LOGION_EDITORIAL_PUBLICATION_GRAPH_CONTRACT_v1.md; logion/k7/release_missions/oc_core_current/packages/oc_core_1_4/022/public_payload/latex/OC_CORE_1_4_MASTER_MONOGRAPH.tex,logion/k1/contracts/LOGION_EDITORIAL_PUBLICATION_GRAPH_CONTRACT_v1.md; logion/k7/release_missions/oc_core_current/packages/oc_core_1_4/022/public_payload/latex/OC_CORE_1_4_MASTER_MONOGRAPH.tex; logion/k7/release_missions/oc_core_current/packages/oc_core_1_4/045/readiness_fulfillment_closure/OC_PUBLICATION_AND_MONOGRAPH_PACKET_045.md,SATISFIED_WITH_ARTIFACTS,,Monograph source exists as a draft corpus. 045 artifact-complete at bounded claim ceiling.,Do not call the monograph book-ready until remapped and leakage-audited.,"Monograph chapters are remapped to reader jobs, claim/evidence rows, limitations, proof appendices, and next questions."
MON-002,MONOGRAPH_BOOK,"Glossary, notation, proof/evidence appendices",required,"Definitions, notation, proof ledger, counterproofs, datasets/replays, and limitations are visible to a reader.",logion/k1/contracts/JOURNAL_GRADE_STYLE_CONTRACT_v0_1.md; logion/k7/release_missions/oc_core_current/packages/oc_core_1_4/042/absolute_proof_closure/oc_absolute_proof_closure_042.sqlite; logion/k7/release_missions/oc_core_current/packages/oc_core_1_4/040/continuous_replay_and_full_closure/oc_continuous_replay_full_closure_040.sqlite,logion/k1/contracts/JOURNAL_GRADE_STYLE_CONTRACT_v0_1.md; logion/k7/release_missions/oc_core_current/packages/oc_core_1_4/042/absolute_proof_closure/oc_absolute_proof_closure_042.sqlite; logion/k7/release_missions/oc_core_current/packages/oc_core_1_4/040/continuous_replay_and_full_closure/oc_continuous_replay_full_closure_040.sqlite,SATISFIED_WITH_ARTIFACTS,,Appendix material exists for a bounded monograph.,Do not omit negative results.,Proof/evidence ledgers exist.
MON-003,MONOGRAPH_BOOK,Reader-facing leakage and internal jargon audit,required,Book text contains no internal path/gate/generator leakage and translates DB status into reader language.,logion/k1/contracts/LOGION_EDITORIAL_PUBLICATION_GRAPH_CONTRACT_v1.md,logion/k7/release_missions/oc_core_current/packages/oc_core_1_4/045/readiness_fulfillment_closure/OC_PUBLICATION_AND_MONOGRAPH_PACKET_045.md,SATISFIED_WITH_ARTIFACTS,,Book can be prepared after audit. 045 artifact-complete at bounded claim ceiling.,Do not publish internal control prose as book prose.,Reader-facing leakage audit is run as a publishability contract; internal path/control vocabulary is forbidden in public book prose.
MON-004,MONOGRAPH_BOOK,Book release owner and rights gate,required,"Owner approves book/publication boundary, rights, acknowledgements, AI disclosure, and public/private exclusions.",logion/k0/governance/status/<SOURCE_BOUNDARY_STATUS_SURFACE><PUBLIC_BOUNDARY_REDACTED_FILENAME>; logion/k1/contracts/LOGION_EDITORIAL_PUBLICATION_GRAPH_CONTRACT_v1.md,logion/k7/release_missions/oc_core_current/packages/oc_core_1_4/045/readiness_fulfillment_closure/<PUBLIC_BOUNDARY_REDACTED_FILENAME>,BLOCKED_BY_EXTERNAL_EVIDENCE,Owner/publication rights gate is required before book release.,Private book manuscript can be prepared.,Do not publish as book before owner/release gate.,Master book keeps public release blocked. 045 supplies request/decision packet only; it does not fabricate external evidence.
PROD-001,PRODUCT_WORKFLOW,Bounded workflow spec,required,"A product workflow has inputs, outputs, QA checks, no-send gate, and non-goals.",logion/k7/release_missions/oc_core_current/packages/oc_core_1_4/043/goal_readiness_contract/<PUBLIC_BOUNDARY_REDACTED_FILENAME>,logion/k7/release_missions/oc_core_current/packages/oc_core_1_4/043/goal_readiness_contract/<PUBLIC_BOUNDARY_REDACTED_FILENAME>,SATISFIED_WITH_ARTIFACTS,,A bounded internal workflow exists.,Not an externally sellable product by itself.,043 workflow spec exists.
PROD-002,PRODUCT_WORKFLOW,Runtime links and executable examples,required,"Workflow rows bind to runtime nodes, simulation commands, and packet refs.",logion/k7/spe/state/strategy/QUESTION_CHAIN_PORTFOLIO_REGISTRY_latest.json; logion/k7/spe/state/toolkit/<PUBLIC_BOUNDARY_REDACTED_FILENAME>,logion/k7/spe/state/strategy/QUESTION_CHAIN_PORTFOLIO_REGISTRY_latest.json; logion/k7/spe/state/toolkit/<PUBLIC_BOUNDARY_REDACTED_FILENAME>,SATISFIED_WITH_ARTIFACTS,,Product packets can be traced to runtime refs.,Do not rely on untraceable demos.,EAQ registry binds runtime/simulation/package refs.
PROD-003,PRODUCT_WORKFLOW,"QA, UX/API, failure messages, and support model",required,"Current user workflow has tested UX/API acceptance, failure messages, service boundaries, support/runbook.",logion/k7/spe/state/gates/<PUBLIC_BOUNDARY_REDACTED_FILENAME>; logion/k0/governance/status/<SOURCE_BOUNDARY_STATUS_SURFACE><PUBLIC_BOUNDARY_REDACTED_FILENAME>,logion/k7/release_missions/oc_core_current/packages/oc_core_1_4/045/readiness_fulfillment_closure/<PUBLIC_BOUNDARY_REDACTED_FILENAME>,SATISFIED_WITH_ARTIFACTS,,Internal workflow can guide implementation. 045 artifact-complete at bounded claim ceiling.,Do not call product-ready until QA/support pass.,"Product workflow QA/runbook defines accepted inputs, outputs, failure messages, no-send behavior, support model, and worked packet."
PUB-001,PUBLICATION_ARTICLE,Bounded journal thesis,required,"One journal-safe thesis states OC as a bounded formal/evidence metamodel, not a total empirical law.",logion/k7/release_missions/oc_core_current/packages/oc_core_1_4/043/goal_readiness_contract/OC_JOURNAL_SENDABILITY_PACKET_043.md; logion/k7/release_missions/oc_core_current/packages/oc_core_1_4/042/absolute_proof_closure/OC_ABSOLUTE_PROOF_ARTICLE_BOUNDARY_042.md,logion/k7/release_missions/oc_core_current/packages/oc_core_1_4/043/goal_readiness_contract/OC_JOURNAL_SENDABILITY_PACKET_043.md; logion/k7/release_missions/oc_core_current/packages/oc_core_1_4/042/absolute_proof_closure/OC_ABSOLUTE_PROOF_ARTICLE_BOUNDARY_042.md,SATISFIED_WITH_ARTIFACTS,,Journal paper can be prepared around bounded OC thesis.,Do not submit a universal empirical proof claim.,Thesis packet and proof boundary exist.
PUB-002,PUBLICATION_ARTICLE,Current related-work and venue fit,required,A current literature and target-journal venue scan is attached with contribution boundary and citation gaps.,logion/k1/contracts/LOGION_EDITORIAL_PUBLICATION_GRAPH_CONTRACT_v1.md; logion/k1/contracts/JOURNAL_GRADE_STYLE_CONTRACT_v0_1.md,logion/k7/release_missions/oc_core_current/packages/oc_core_1_4/045/readiness_fulfillment_closure/OC_PUBLICATION_AND_MONOGRAPH_PACKET_045.md,SATISFIED_WITH_ARTIFACTS,,Article is publication-preparable. 045 artifact-complete at bounded claim ceiling.,Article is not journal-sendable without current related-work/venue gate.,Current related-work and venue-fit refresh is bound with contribution boundary and citation-gap obligations before any owner-send gate.
PUB-003,PUBLICATION_ARTICLE,Theorem/evidence table and reproducibility appendix,required,"Article has exact theorem/evidence rows, formal artifacts, dataset/replay refs, and reproduction commands.",logion/k7/release_missions/oc_core_current/packages/oc_core_1_4/040/continuous_replay_and_full_closure/oc_continuous_replay_full_closure_040.sqlite; logion/k7/release_missions/oc_core_current/packages/oc_core_1_4/041/crown_theorem_chain_repair/oc_crown_theorem_chain_repair_041.sqlite; logion/k7/release_missions/oc_core_current/packages/oc_core_1_4/042/absolute_proof_closure/oc_absolute_proof_closure_042.sqlite,logion/k7/release_missions/oc_core_current/packages/oc_core_1_4/040/continuous_replay_and_full_closure/oc_continuous_replay_full_closure_040.sqlite; logion/k7/release_missions/oc_core_current/packages/oc_core_1_4/041/crown_theorem_chain_repair/oc_crown_theorem_chain_repair_041.sqlite; logion/k7/release_missions/oc_core_current/packages/oc_core_1_4/042/absolute_proof_closure/oc_absolute_proof_closure_042.sqlite; logion/k7/release_missions/oc_core_current/packages/oc_core_1_4/042/absolute_proof_closure/formal/python/validate_042.py,SATISFIED_WITH_ARTIFACTS,,Article may cite bounded proof/evidence ledgers.,No theorem without artifact ref.,Proof/evidence DBs and validators exist.
PUB-004,PUBLICATION_ARTICLE,Reviewer attack map,required,Known reviewer attacks are represented and mapped to responses/limitations.,logion/k7/release_missions/oc_core_current/packages/oc_core_1_4/022/public_payload/latex/OC_CORE_1_4_REVIEWER_ATTACK_RESPONSE_MAP.tex; logion/k1/contracts/LOGION_EDITORIAL_PUBLICATION_GRAPH_CONTRACT_v1.md,logion/k7/release_missions/oc_core_current/packages/oc_core_1_4/022/public_payload/latex/OC_CORE_1_4_REVIEWER_ATTACK_RESPONSE_MAP.tex,SATISFIED_WITH_ARTIFACTS,,Reviewer map can be used as support artifact.,Do not ignore known attacks.,OC 022 reviewer map exists.
PUB-005,PUBLICATION_ARTICLE,Owner-send and ethics/disclosure gate,required,Owner approves target venue/send package and disclosure/ethics requirements are checked.,logion/k0/governance/status/<SOURCE_BOUNDARY_STATUS_SURFACE><PUBLIC_BOUNDARY_REDACTED_FILENAME>; logion/k1/contracts/LOGION_EDITORIAL_PUBLICATION_GRAPH_CONTRACT_v1.md,logion/k7/release_missions/oc_core_current/packages/oc_core_1_4/045/readiness_fulfillment_closure/<PUBLIC_BOUNDARY_REDACTED_FILENAME>,BLOCKED_BY_EXTERNAL_EVIDENCE,Owner-send decision and ethics/disclosure review are external gates.,No-send draft may be prepared.,Do not send as journal submission before owner gate.,Master book retains owner/no-send control. 045 supplies request/decision packet only; it does not fabricate external evidence.
REP-001,REPUTATION_PUBLIC,Public-safe novelty statement,required,"Novelty is stated without universal overclaim, fake empirical language, or marketing certainty.",logion/k7/release_missions/oc_core_current/packages/oc_core_1_4/043/goal_readiness_contract/<PUBLIC_BOUNDARY_REDACTED_FILENAME>; logion/k7/release_missions/oc_core_current/packages/oc_core_1_4/042/absolute_proof_closure/oc_absolute_proof_closure_042.sqlite,logion/k7/release_missions/oc_core_current/packages/oc_core_1_4/043/goal_readiness_contract/<PUBLIC_BOUNDARY_REDACTED_FILENAME>; logion/k7/release_missions/oc_core_current/packages/oc_core_1_4/042/absolute_proof_closure/oc_absolute_proof_closure_042.sqlite,SATISFIED_WITH_ARTIFACTS,,"OC is a bounded, proof/evidence-ledger metamodel.",OC is not fully empirically proved across all reality.,042/043 preserve public-safe wording.
REP-002,REPUTATION_PUBLIC,Limitations and old-claim guards,required,Rejected strong formulations remain visible as guardrails.,logion/k7/release_missions/oc_core_current/packages/oc_core_1_4/042/absolute_proof_closure/oc_absolute_proof_closure_042.sqlite; logion/k7/release_missions/oc_core_current/packages/oc_core_1_4/041/crown_theorem_chain_repair/OC_CROWN_THEOREM_CHAIN_ARTICLE_BOUNDARY_041.md,logion/k7/release_missions/oc_core_current/packages/oc_core_1_4/042/absolute_proof_closure/oc_absolute_proof_closure_042.sqlite; logion/k7/release_missions/oc_core_current/packages/oc_core_1_4/041/crown_theorem_chain_repair/OC_CROWN_THEOREM_CHAIN_ARTICLE_BOUNDARY_041.md,SATISFIED_WITH_ARTIFACTS,,Limitations can be publicly named.,Do not reintroduce old crown/domain overclaims.,041/042 guard old formulations.
SCI-001,SCIENTIFIC,Typed primitives and formal core,required,OC primitives and readiness predicates are represented in Lean or a source-bound proof ledger.,logion/k7/release_missions/oc_core_current/packages/oc_core_1_4/042/absolute_proof_closure/oc_absolute_proof_closure_042.sqlite; logion/k7/release_missions/oc_core_current/packages/oc_core_1_4/042/absolute_proof_closure/formal/OCAbsoluteClosure/Basic.lean,logion/k7/release_missions/oc_core_current/packages/oc_core_1_4/042/absolute_proof_closure/oc_absolute_proof_closure_042.sqlite; logion/k7/release_missions/oc_core_current/packages/oc_core_1_4/042/absolute_proof_closure/formal/OCAbsoluteClosure/Basic.lean,SATISFIED_WITH_ARTIFACTS,,OC has a bounded formal proof ledger.,OC is not an unbounded empirical law.,042 control reports terminal rows and no bad statuses.
SCI-002,SCIENTIFIC,Central theorem/boundary and overclaim guard,required,The central OC statement is expressed with its repaired boundary and the old universal overclaim remains refuted.,logion/k7/release_missions/oc_core_current/packages/oc_core_1_4/042/absolute_proof_closure/OC_ABSOLUTE_PROOF_ARTICLE_BOUNDARY_042.md,logion/k7/release_missions/oc_core_current/packages/oc_core_1_4/042/absolute_proof_closure/OC_ABSOLUTE_PROOF_ARTICLE_BOUNDARY_042.md; logion/k7/release_missions/oc_core_current/packages/oc_core_1_4/042/absolute_proof_closure/oc_absolute_proof_closure_042.sqlite,SATISFIED_WITH_ARTIFACTS,,OC central claims may be stated only at 042 ceiling.,No unconditional proof across all reality.,Boundary artifact exists and is linked to DB.
SCI-003,SCIENTIFIC,"Operator, K, domain, and crown proof graph",required,"Internal contours and crown/domain closures have DB-backed proof, counterproof, or repaired-proof rows.",logion/k7/release_missions/oc_core_current/packages/oc_core_1_4/040/continuous_replay_and_full_closure/oc_continuous_replay_full_closure_040.sqlite; logion/k7/release_missions/oc_core_current/packages/oc_core_1_4/041/crown_theorem_chain_repair/oc_crown_theorem_chain_repair_041.sqlite; logion/k7/release_missions/oc_core_current/packages/oc_core_1_4/042/absolute_proof_closure/oc_absolute_proof_closure_042.sqlite,logion/k7/release_missions/oc_core_current/packages/oc_core_1_4/040/continuous_replay_and_full_closure/oc_continuous_replay_full_closure_040.sqlite; logion/k7/release_missions/oc_core_current/packages/oc_core_1_4/041/crown_theorem_chain_repair/oc_crown_theorem_chain_repair_041.sqlite; logion/k7/release_missions/oc_core_current/packages/oc_core_1_4/042/absolute_proof_closure/oc_absolute_proof_closure_042.sqlite,SATISFIED_WITH_ARTIFACTS,,OC has closed bounded contour ledgers.,No crown/domain promotion from vocabulary alone.,040/041/042 controls close their bounded queues.
SCI-004,SCIENTIFIC,Negative results and countermodels,required,Refuted old formulations and repaired claims remain explicit guards.,logion/k7/release_missions/oc_core_current/packages/oc_core_1_4/042/absolute_proof_closure/oc_absolute_proof_closure_042.sqlite,logion/k7/release_missions/oc_core_current/packages/oc_core_1_4/042/absolute_proof_closure/oc_absolute_proof_closure_042.sqlite; logion/k7/release_missions/oc_core_current/packages/oc_core_1_4/042/absolute_proof_closure/OC_ABSOLUTE_PROOF_CLOSURE_NOTEBOOK_042.md,SATISFIED_WITH_ARTIFACTS,,Negative results are part of the theory boundary.,Do not hide refuted claims by rewriting history.,042 contains refuted and repaired statuses.
SCI-005,SCIENTIFIC,Reproducible formal and executable artifacts,required,Lean and Python validators/witnesses exist for the proof/evidence chain.,logion/k7/release_missions/oc_core_current/packages/oc_core_1_4/042/absolute_proof_closure/formal/python/validate_042.py; logion/k7/release_missions/oc_core_current/packages/oc_core_1_4/043/goal_readiness_contract/formal/python/validate_043.py,logion/k7/release_missions/oc_core_current/packages/oc_core_1_4/042/absolute_proof_closure/formal/python/validate_042.py; logion/k7/release_missions/oc_core_current/packages/oc_core_1_4/043/goal_readiness_contract/formal/python/validate_043.py; logion/k7/release_missions/oc_core_current/packages/oc_core_1_4/042/absolute_proof_closure/formal/OCAbsoluteClosure/Basic.lean,SATISFIED_WITH_ARTIFACTS,,Reproducibility is validator-backed.,No proof claim from prose-only artifacts.,Prior validators are present and callable.
